,Filename,Label,Prediction1,Prediction3a,Prediction3a_prob,Prediction3b,Prediction3b_prob,Prediction3c,Prediction3c_prob
4,images_species/Philonthus tenuicornis/Philonthus tenuicornis_131.jpg,Philonthus tenuicornis,Philonthus politus,Philonthus punctus,0.008296298,Philonthus tenuicornis,0.4266648,Philonthus politus,0.56320727
14,images_species/Philonthus tenuicornis/Philonthus tenuicornis_68.jpg,Philonthus tenuicornis,Philonthus addendus,Philonthus atratus,0.021244466,Philonthus carbonarius,0.14387488,Philonthus addendus,0.81320137
17,images_species/Philonthus tenuicornis/Philonthus tenuicornis_73.jpg,Philonthus tenuicornis,Philonthus addendus,Philonthus tenuicornis,0.07267678,Philonthus punctus,0.096248955,Philonthus addendus,0.7438235
102,images_species/Philonthus splendens/Philonthus splendens_75.jpg,Philonthus splendens,Philonthus tenuicornis,Philonthus addendus,0.0063061459999999995,Philonthus succicola,0.00795997,Philonthus tenuicornis,0.98177105
139,images_species/Staphylinus erythropterus/Staphylinus erythropterus_28.jpg,Staphylinus erythropterus,Platydracus stercorarius,Staphylinus caesareus,0.09130075,Staphylinus erythropterus,0.21456754,Platydracus stercorarius,0.6242131
165,images_species/Lobrathium multipunctum/Lobrathium multipunctum_95.jpg,Lobrathium multipunctum,Lathrobium pallidum,Lathrobium dilutum,0.08077233,Lobrathium multipunctum,0.40949768,Lathrobium pallidum,0.48584738
179,images_species/Lathrobium geminum/Lathrobium geminum_29.jpg,Lathrobium geminum,Lathrobium fulvipenne,Lathrobium geminum,0.0046318406,Othius punctulatus,0.006567759,Lathrobium fulvipenne,0.9820806000000001
180,images_species/Lathrobium geminum/Lathrobium geminum_37.jpg,Lathrobium geminum,Lathrobium fulvipenne,Othius punctulatus,0.10849980000000001,Lathrobium geminum,0.20522209,Lathrobium fulvipenne,0.67774564
183,images_species/Lathrobium geminum/Lathrobium geminum_43.jpg,Lathrobium geminum,Lathrobium elongatum,Lathrobium fulvipenne,0.00027365854,Lathrobium geminum,0.16526766,Lathrobium elongatum,0.8343775
185,images_species/Lathrobium geminum/Lathrobium geminum_45.jpg,Lathrobium geminum,Lathrobium fulvipenne,Lathrobium geminum,0.004005608,Othius punctulatus,0.004618533,Lathrobium fulvipenne,0.99132675
189,images_species/Lathrobium geminum/Lathrobium geminum_66.jpg,Lathrobium geminum,Lathrobium elongatum,Lathrobium brunnipes,4.5355428e-05,Lathrobium geminum,0.00014040591,Lathrobium elongatum,0.99971646
250,images_species/Heterothops praevius/Heterothops praevius_33.jpg,Heterothops praevius,Heterothops minutus,Heterothops praevius,0.013845072,Heterothops binotatus,0.1799145,Heterothops minutus,0.7931556
252,images_species/Heterothops praevius/Heterothops praevius_38.jpg,Heterothops praevius,Heterothops binotatus,Heterothops minutus,0.19735414,Heterothops praevius,0.32782704,Heterothops binotatus,0.43142053
257,images_species/Heterothops praevius/Heterothops praevius_51.jpg,Heterothops praevius,Heterothops stiglundbergi,Quedius boops,3.1770447999999997e-06,Heterothops praevius,0.1592199,Heterothops stiglundbergi,0.8407734
274,images_species/Philonthus carbonarius/Philonthus carbonarius_119.jpg,Philonthus carbonarius,Philonthus concinnus,Philonthus ebeninus,0.020834632,Philonthus carbonarius,0.24067383,Philonthus concinnus,0.7339553000000001
275,images_species/Philonthus carbonarius/Philonthus carbonarius_122.jpg,Philonthus carbonarius,Philonthus parvicornis,Philonthus jurgans,0.10056317599999999,Philonthus varians,0.30392107,Philonthus parvicornis,0.5920350000000001
288,images_species/Philonthus carbonarius/Philonthus carbonarius_169.jpg,Philonthus carbonarius,Philonthus longicornis,Philonthus varians,0.02847875,Philonthus carbonarius,0.19344929,Philonthus longicornis,0.77059525
316,images_species/Philonthus carbonarius/Philonthus carbonarius_316.jpg,Philonthus carbonarius,Philonthus quisquiliarius,Philonthus albipes,0.011779406000000001,Philonthus carbonarius,0.39671594,Philonthus quisquiliarius,0.5507234999999999
317,images_species/Philonthus carbonarius/Philonthus carbonarius_320.jpg,Philonthus carbonarius,Philonthus longicornis,Philonthus lepidus,0.017657617,Philonthus carbonarius,0.35274035,Philonthus longicornis,0.6195706
322,images_species/Philonthus carbonarius/Philonthus carbonarius_333.jpg,Philonthus carbonarius,Philonthus addendus,Philonthus carbonarius,0.0029556039,Philonthus tenuicornis,0.21963136,Philonthus addendus,0.77342546
323,images_species/Philonthus carbonarius/Philonthus carbonarius_339.jpg,Philonthus carbonarius,Philonthus parvicornis,Philonthus longicornis,0.0018362313000000001,Philonthus jurgans,0.03465851,Philonthus parvicornis,0.9615598
324,images_species/Philonthus carbonarius/Philonthus carbonarius_342.jpg,Philonthus carbonarius,Philonthus tenuicornis,Philonthus addendus,0.13133213,Philonthus carbonarius,0.28338704,Philonthus tenuicornis,0.5631418
332,images_species/Philonthus carbonarius/Philonthus carbonarius_55.jpg,Philonthus carbonarius,Philonthus albipes,Quedius nitipennis,0.00059557497,Philonthus quisquiliarius,0.008717716,Philonthus albipes,0.9901452
343,images_species/Quedius semiaeneus/Quedius semiaeneus_16.jpg,Quedius semiaeneus,Quedius semiobscurus,Quedius semiaeneus,0.011189735,Quedius nitipennis,0.47927535,Quedius semiobscurus,0.50906134
345,images_species/Quedius semiaeneus/Quedius semiaeneus_20.jpg,Quedius semiaeneus,Quedius nitipennis,Quedius persimilis,0.0096231215,Quedius semiaeneus,0.046900622999999995,Quedius nitipennis,0.9367851
348,images_species/Quedius semiaeneus/Quedius semiaeneus_41.jpg,Quedius semiaeneus,Quedius semiobscurus,Quedius fulvicollis,0.002200542,Quedius semiaeneus,0.0044750855,Quedius semiobscurus,0.9932399
397,images_species/Cafius xantholoma/Cafius xantholoma_293.jpg,Cafius xantholoma,Remus sericeus,Philonthus furcifer,6.509621499999999e-06,Cafius xantholoma,0.22726236,Remus sericeus,0.77273065
431,images_species/Heterothops binotatus/Heterothops binotatus_57.jpg,Heterothops binotatus,Heterothops dissimilis,Heterothops quadripunctulus,0.0204342,Heterothops binotatus,0.20687944,Heterothops dissimilis,0.7672734999999999
432,images_species/Heterothops binotatus/Heterothops binotatus_69.jpg,Heterothops binotatus,Heterothops dissimilis,Heterothops minutus,0.003803877,Heterothops binotatus,0.055301156,Heterothops dissimilis,0.93721074
434,images_species/Heterothops binotatus/Heterothops binotatus_77.jpg,Heterothops binotatus,Heterothops dissimilis,Gabronthus thermarum,0.027500331,Heterothops binotatus,0.06497771,Heterothops dissimilis,0.9062863999999999
435,images_species/Philonthus succicola/Philonthus succicola_102.jpg,Philonthus succicola,Philonthus tenuicornis,Quedius maurus,0.011900371000000002,Philonthus laminatus,0.019367857,Philonthus tenuicornis,0.94490385
454,images_species/Philonthus succicola/Philonthus succicola_199.jpg,Philonthus succicola,Philonthus addendus,Philonthus atratus,0.015482503,Philonthus succicola,0.14712888,Philonthus addendus,0.8324273000000001
461,images_species/Philonthus succicola/Philonthus succicola_30.jpg,Philonthus succicola,Philonthus politus,Philonthus addendus,0.0008824438599999999,Philonthus succicola,0.20146033,Philonthus politus,0.79747367
463,images_species/Philonthus succicola/Philonthus succicola_38.jpg,Philonthus succicola,Philonthus tenuicornis,Philonthus cognatus,0.013176252,Philonthus succicola,0.016720578,Philonthus tenuicornis,0.9534661
465,images_species/Philonthus succicola/Philonthus succicola_44.jpg,Philonthus succicola,Philonthus tenuicornis,Philonthus rufipes,0.0016371438,Philonthus succicola,0.26841155,Philonthus tenuicornis,0.72856283
504,images_species/Quedius maurorufus/Quedius maurorufus_24.jpg,Quedius maurorufus,Quedius umbrinus,Quedius fumatus,0.0031160633,Quedius maurorufus,0.14030726,Quedius umbrinus,0.85210496
511,images_species/Quedius maurorufus/Quedius maurorufus_59.jpg,Quedius maurorufus,Quedius boopoides,Quedius persimilis,0.010990459499999999,Quedius nitipennis,0.029163828,Quedius boopoides,0.94839424
518,images_species/Quedius suturalis/Quedius suturalis_12.jpg,Quedius suturalis,Quedius maurorufus,Quedius umbrinus,0.00020313535,Quedius suturalis,0.45022383,Quedius maurorufus,0.5493285
524,images_species/Quedius suturalis/Quedius suturalis_41.jpg,Quedius suturalis,Quedius microps,Quedius umbrinus,0.013558091999999999,Quedius suturalis,0.052451745,Quedius microps,0.9262558000000001
526,images_species/Quedius suturalis/Quedius suturalis_64.jpg,Quedius suturalis,Quedius scitus,Quedius maurorufus,0.08427437,Quedius suturalis,0.31654483,Quedius scitus,0.59782875
530,images_species/Quedius suturalis/Quedius suturalis_78.jpg,Quedius suturalis,Quedius scitus,Quedius microps,0.020924158,Quedius suturalis,0.18255223,Quedius scitus,0.77551746
577,images_species/Philonthus addendus/Philonthus addendus_10.jpg,Philonthus addendus,Philonthus tenuicornis,Bisnius puella,0.015,Philonthus addendus,0.034639202,Philonthus tenuicornis,0.9419158999999999
583,images_species/Philonthus addendus/Philonthus addendus_26.jpg,Philonthus addendus,Philonthus succicola,Philonthus tenuicornis,4.793035e-06,Philonthus addendus,0.0002573837,Philonthus succicola,0.9997296999999998
588,images_species/Philonthus addendus/Philonthus addendus_52.jpg,Philonthus addendus,Philonthus politus,Philonthus succicola,0.09019693,Philonthus addendus,0.23451149999999998,Philonthus politus,0.6501169
683,images_species/Philonthus mannerheimi/Philonthus mannerheimi_13.jpg,Philonthus mannerheimi,Philonthus cognatus,Philonthus laminatus,0.116697915,Philonthus mannerheimi,0.32573482,Philonthus cognatus,0.5571265999999999
691,images_species/Philonthus mannerheimi/Philonthus mannerheimi_51.jpg,Philonthus mannerheimi,Philonthus cognatus,Philonthus tenuicornis,0.011931187,Philonthus mannerheimi,0.039551932000000005,Philonthus cognatus,0.9364691999999999
711,images_species/Astenus immacullatus/Astenus immacullatus_44.jpg,Astenus immacullatus,Rugilus orbiculatus,Rugilus erichsoni,0.024024054,Rugilus rufipes,0.11921505,Rugilus orbiculatus,0.85670626
713,images_species/Astenus immacullatus/Astenus immacullatus_52.jpg,Astenus immacullatus,Astenus pulchellus,Medon brunneus,0.0059703644,Astenus immacullatus,0.01673386,Astenus pulchellus,0.97701913
729,images_species/Quedius brevicornis/Quedius brevicornis_21.jpg,Quedius brevicornis,Quedius puncticollis,Quedius fulgidus,0.0020915156,Quedius brevicornis,0.042608544000000005,Quedius puncticollis,0.9551574
730,images_species/Quedius brevicornis/Quedius brevicornis_26.jpg,Quedius brevicornis,Quedius puncticollis,Quedius fulgidus,9.395841e-05,Quedius brevicornis,0.0023578887,Quedius puncticollis,0.99752265
745,images_species/Quedius fuliginosus/Quedius fuliginosus_38.jpg,Quedius fuliginosus,Quedius curtipennis,Quedius levicollis,0.1320835,Quedius fuliginosus,0.24992792,Quedius curtipennis,0.45543376
749,images_species/Quedius fuliginosus/Quedius fuliginosus_57.jpg,Quedius fuliginosus,Quedius curtipennis,Euryporus picipes,0.0025760499,Quedius fuliginosus,0.12199109,Quedius curtipennis,0.8735575999999999
757,images_species/Tetartopeus terminatus/Tetartopeus terminatus_107.jpg,Tetartopeus terminatus,Tetartopeus quadratus,Philonthus nigrita,1.4019964e-06,Tetartopeus terminatus,0.00014904873,Tetartopeus quadratus,0.99984944
781,images_species/Tetartopeus terminatus/Tetartopeus terminatus_217.jpg,Tetartopeus terminatus,Tetartopeus quadratus,Lathrobium fovulum,8.673142e-07,Tetartopeus terminatus,6.801867999999999e-06,Tetartopeus quadratus,0.9999906999999999
806,images_species/Philonthus cruentatus/Philonthus cruentatus_13.jpg,Philonthus cruentatus,Philonthus sanguinolentus,Philonthus longicornis,0.024075787999999997,Philonthus cruentatus,0.024638737,Philonthus sanguinolentus,0.94932747
823,images_species/Quedius scintillans/Quedius scintillans_61.jpg,Quedius scintillans,Quedius lucidulus,Quedius microps,3.280306e-08,Quedius scintillans,9.09245e-06,Quedius lucidulus,0.9999908000000002
841,images_species/Heterothops niger/Heterothops niger_21.jpg,Heterothops niger,Heterothops praevius,Heterothops quadripunctulus,0.002908426,Heterothops niger,0.07950156,Heterothops praevius,0.9175658000000001
852,images_species/Quedius lateralis/Quedius lateralis_26.jpg,Quedius lateralis,Quedius fuliginosus,Velleius dilatatus,5.5915454e-05,Quedius lateralis,0.1646268,Quedius fuliginosus,0.8351497999999999
866,images_species/Tasgius morsitans/Tasgius morsitans_20.jpg,Tasgius morsitans,Tasgius globulifer,Tasgius morsitans,0.06707468,Ocypus nitens,0.14527520000000002,Tasgius globulifer,0.7534181
887,images_species/Medon ripicola/Medon ripicola_76.jpg,Medon ripicola,Medon apicalis,Medon brunneus,0.0018487273000000002,Medon ripicola,0.45607838,Medon apicalis,0.5419691999999999
891,images_species/Gyrohypnus punctulatus/Gyrohypnus punctulatus_20.jpg,Gyrohypnus punctulatus,Atrecus longiceps,Gyrohypnus atratus,0.18086056,Othius subuliformis,0.282555,Atrecus longiceps,0.3336527
892,images_species/Gyrohypnus punctulatus/Gyrohypnus punctulatus_24.jpg,Gyrohypnus punctulatus,Gyrohypnus fracticornis,Gyrohypnus angustatus,0.0005904936,Gyrohypnus punctulatus,0.24055211,Gyrohypnus fracticornis,0.75868016
923,images_species/Philonthus longicornis/Philonthus longicornis_22.jpg,Philonthus longicornis,Philonthus confinis,Philonthus sanguinolentus,0.00652338,Philonthus cruentatus,0.014038887,Philonthus confinis,0.97321635
925,images_species/Philonthus longicornis/Philonthus longicornis_32.jpg,Philonthus longicornis,Philonthus carbonarius,Philonthus cognatus,0.0006048995,Philonthus longicornis,0.0009787533999999999,Philonthus carbonarius,0.9980124
927,images_species/Philonthus longicornis/Philonthus longicornis_45.jpg,Philonthus longicornis,Philonthus carbonarius,Philonthus cognatus,0.00024794982000000005,Philonthus longicornis,0.07706894,Philonthus carbonarius,0.9224318000000001
930,images_species/Philonthus longicornis/Philonthus longicornis_57.jpg,Philonthus longicornis,Philonthus carbonarius,Philonthus longicornis,0.054408822,Philonthus mannerheimi,0.12993218,Philonthus carbonarius,0.68460995
937,images_species/Astenus gracilis/Astenus gracilis_16.jpg,Astenus gracilis,Astenus lyonessius,Astenus pulchellus,0.00027762694,Astenus gracilis,0.3666366,Astenus lyonessius,0.63307446
939,images_species/Astenus gracilis/Astenus gracilis_24.jpg,Astenus gracilis,Astenus lyonessius,Astenus pulchellus,3.776072e-06,Astenus gracilis,0.009129088,Astenus lyonessius,0.99086165
940,images_species/Astenus gracilis/Astenus gracilis_26.jpg,Astenus gracilis,Astenus lyonessius,Astenus pulchellus,0.0025459877,Astenus gracilis,0.3295705,Astenus lyonessius,0.66733485
941,images_species/Astenus gracilis/Astenus gracilis_29.jpg,Astenus gracilis,Astenus lyonessius,Philonthus sanguinolentus,1.1338393e-05,Astenus gracilis,0.0003682368,Astenus lyonessius,0.99961936
942,images_species/Astenus gracilis/Astenus gracilis_37.jpg,Astenus gracilis,Astenus lyonessius,Rugilus orbiculatus,2.8354301e-05,Astenus gracilis,0.0035850822,Astenus lyonessius,0.99635315
944,images_species/Astenus gracilis/Astenus gracilis_39.jpg,Astenus gracilis,Astenus lyonessius,Astenus procerus,0.0012346504,Astenus gracilis,0.019287943999999998,Astenus lyonessius,0.9788013000000001
945,images_species/Astenus gracilis/Astenus gracilis_46.jpg,Astenus gracilis,Astenus pulchellus,Astenus lyonessius,0.0077840936999999995,Astenus gracilis,0.21696505,Astenus pulchellus,0.7736071999999999
946,images_species/Astenus gracilis/Astenus gracilis_53.jpg,Astenus gracilis,Astenus lyonessius,Philonthus sanguinolentus,1.4409038999999998e-06,Astenus gracilis,0.00018899927,Astenus lyonessius,0.99980766
951,images_species/Astenus gracilis/Astenus gracilis_81.jpg,Astenus gracilis,Astenus pulchellus,Scopaeus laevigatus,4.860538400000001e-06,Astenus gracilis,0.005234245,Astenus pulchellus,0.9947594000000001
996,images_species/Lathrobium brunnipes/Lathrobium brunnipes_289.jpg,Lathrobium brunnipes,Lathrobium elongatum,Astenus lyonessius,0.0054397825,Philonthus nitidicollis,0.03611281,Lathrobium elongatum,0.94247234
1021,images_species/Quedius maurus/Quedius maurus_30.jpg,Quedius maurus,Quedius mesomelinus,Quedius umbrinus,4.2636075e-05,Quedius maurus,0.038414363,Quedius mesomelinus,0.9615046
1025,images_species/Quedius maurus/Quedius maurus_50.jpg,Quedius maurus,Quedius mesomelinus,Quedius cinctus,0.0035729175,Quedius maurus,0.03550931,Quedius mesomelinus,0.9594819
1034,images_species/Quedius persimilis/Quedius persimilis_38.jpg,Quedius persimilis,Quedius nitipennis,Quedius boops,0.066831164,Quedius persimilis,0.37259793,Quedius nitipennis,0.55789095
1047,images_species/Gabrius breviventer/Gabrius breviventer_47.jpg,Gabrius breviventer,Gabrius appendiculatus,Heterothops quadripunctulus,0.27740675,Gabrius nigritulus,0.34077844,Gabrius appendiculatus,0.35390872
1051,images_species/Gabrius breviventer/Gabrius breviventer_62.jpg,Gabrius breviventer,Gabrius trossulus,Gabrius exiguus,0.05522647,Gabrius nigritulus,0.062283408,Gabrius trossulus,0.8349752
1069,images_species/Scopaeus minutus/Scopaeus minutus_76.jpg,Scopaeus minutus,Scopaeus sulcicollis,Sunius melanocephalus,2.288725e-06,Scopaeus minutus,0.0063598417,Scopaeus sulcicollis,0.9936373
1077,images_species/Bisnius sordidus/Bisnius sordidus_119.jpg,Bisnius sordidus,Bisnius fimetarius,Bisnius cephalotes,2.2657960000000003e-05,Bisnius sordidus,0.0009970639,Bisnius fimetarius,0.9989766
1083,images_species/Bisnius sordidus/Bisnius sordidus_149.jpg,Bisnius sordidus,Bisnius fimetarius,Bisnius cephalotes,2.5485489999999997e-07,Bisnius sordidus,2.149703e-05,Bisnius fimetarius,0.99997807
1084,images_species/Bisnius sordidus/Bisnius sordidus_150.jpg,Bisnius sordidus,Philonthus carbonarius,Quedius nitipennis,0.019922106000000002,Philonthus albipes,0.076789685,Philonthus carbonarius,0.8997788000000001
1088,images_species/Bisnius sordidus/Bisnius sordidus_164.jpg,Bisnius sordidus,Bisnius fimetarius,Bisnius cephalotes,0.00018059202,Bisnius sordidus,0.061711512999999996,Bisnius fimetarius,0.9380016
1100,images_species/Bisnius sordidus/Bisnius sordidus_207.jpg,Bisnius sordidus,Bisnius fimetarius,Bisnius cephalotes,0.0009972238,Bisnius sordidus,0.0069791637,Bisnius fimetarius,0.9917954999999999
1138,images_species/Tasgius melanarius/Tasgius melanarius_12.jpg,Tasgius melanarius,Ocypus nitens,Tasgius globulifer,0.023394834,Tasgius melanarius,0.20295152,Ocypus nitens,0.7488564
1175,images_species/Gabrius nigritulus/Gabrius nigritulus_21.jpg,Gabrius nigritulus,Gabrius breviventer,Gabrius trossulus,0.008558144,Gabrius nigritulus,0.29680222,Gabrius breviventer,0.6930789
1178,images_species/Gabrius nigritulus/Gabrius nigritulus_30.jpg,Gabrius nigritulus,Gabrius breviventer,Gabrius splendidulus,8.617114000000001e-06,Gabrius nigritulus,0.36860073,Gabrius breviventer,0.6313889
1179,images_species/Gabrius nigritulus/Gabrius nigritulus_33.jpg,Gabrius nigritulus,Gabrius breviventer,Gabrius trossulus,0.0055534327,Gabrius nigritulus,0.37297142,Gabrius breviventer,0.6161411
1187,images_species/Gabrius nigritulus/Gabrius nigritulus_81.jpg,Gabrius nigritulus,Gabrius splendidulus,Philonthus debilis,1.1565694e-05,Gabrius nigritulus,0.0005576076,Gabrius splendidulus,0.9994305
1229,images_species/Philonthus rubripennis/Philonthus rubripennis_60.jpg,Philonthus rubripennis,Philonthus salinus,Philonthus rubripennis,0.0005298001999999999,Philonthus quisquiliarius,0.0036076504999999997,Philonthus salinus,0.9957633
1264,images_species/Lathrobium fulvipenne/Lathrobium fulvipenne_232.jpg,Lathrobium fulvipenne,Lathrobium geminum,Lathrobium fulvipenne,0.0035718852,Lathrobium elongatum,0.262025,Lathrobium geminum,0.73430955
1294,images_species/Sunius bicolor/Sunius bicolor_40.jpg,Sunius bicolor,Sunius melanocephalus,Othius angustus,0.004074728,Sunius bicolor,0.39976957,Sunius melanocephalus,0.5961459
1296,images_species/Sunius bicolor/Sunius bicolor_50.jpg,Sunius bicolor,Sunius melanocephalus,Lithocharis ochracea,3.3899323e-05,Sunius bicolor,0.39015317,Sunius melanocephalus,0.60979694
1324,images_species/Gabrius appendiculatus/Gabrius appendiculatus_16.jpg,Gabrius appendiculatus,Heterothops quadripunctulus,Heterothops praevius,0.06577587,Gabrius nigritulus,0.09158912,Heterothops quadripunctulus,0.8161825
1327,images_species/Gabrius appendiculatus/Gabrius appendiculatus_23.jpg,Gabrius appendiculatus,Gabrius breviventer,Gabrius nigritulus,0.0030746663,Gabrius appendiculatus,0.07875527,Gabrius breviventer,0.91754514
1329,images_species/Gabrius appendiculatus/Gabrius appendiculatus_26.jpg,Gabrius appendiculatus,Gabrius breviventer,Gabrius austriacus,0.0006965465,Gabrius appendiculatus,0.18145281,Gabrius breviventer,0.81718
1331,images_species/Gabrius appendiculatus/Gabrius appendiculatus_34.jpg,Gabrius appendiculatus,Gabrius breviventer,Gabrius keysianus,3.4745884e-05,Gabrius appendiculatus,0.26344997,Gabrius breviventer,0.73640156
1332,images_species/Gabrius appendiculatus/Gabrius appendiculatus_45.jpg,Gabrius appendiculatus,Gabrius keysianus,Gabrius breviventer,0.050493293,Gabrius appendiculatus,0.26752329999999996,Gabrius keysianus,0.68031776
1333,images_species/Gabrius appendiculatus/Gabrius appendiculatus_47.jpg,Gabrius appendiculatus,Gabrius breviventer,Gabrius keysianus,1.5345677e-05,Gabrius nigritulus,0.00040343214999999995,Gabrius breviventer,0.9995652
1334,images_species/Gabrius appendiculatus/Gabrius appendiculatus_54.jpg,Gabrius appendiculatus,Gabrius breviventer,Gabrius austriacus,0.018064035,Gabrius appendiculatus,0.069519944,Gabrius breviventer,0.91120166
1336,images_species/Philonthus rufipes/Philonthus rufipes_13.jpg,Philonthus rufipes,Philonthus lepidus,Philonthus carbonarius,0.03183408,Philonthus longicornis,0.072814256,Philonthus lepidus,0.84022415
1337,images_species/Philonthus rufipes/Philonthus rufipes_14.jpg,Philonthus rufipes,Philonthus carbonarius,Bisnius sordidus,0.0032419035999999997,Philonthus concinnus,0.27413684,Philonthus carbonarius,0.71513855
1348,images_species/Quedius boops/Quedius boops_15.jpg,Quedius boops,Quedius persimilis,Quedius nitipennis,0.00020054473000000002,Quedius boops,0.33110514,Quedius persimilis,0.6685930999999999
1349,images_species/Quedius boops/Quedius boops_19.jpg,Quedius boops,Quedius persimilis,Quedius boopoides,7.188996999999999e-05,Quedius boops,0.23563015,Quedius persimilis,0.7641891
1353,images_species/Quedius boops/Quedius boops_33.jpg,Quedius boops,Quedius persimilis,Heterothops minutus,0.00038122555,Quedius boops,0.49373817,Quedius persimilis,0.50539863
1367,images_species/Quedius cruentus/Quedius cruentus_72.jpg,Quedius cruentus,Quedius picipes,Othius punctulatus,0.00036071902000000004,Quedius molochinus,0.023330897000000003,Quedius picipes,0.97557425
1429,images_species/Philonthus jurgans/Philonthus jurgans_17.jpg,Philonthus jurgans,Philonthus longicornis,Philonthus parvicornis,0.0024134372,Philonthus jurgans,0.20703103,Philonthus longicornis,0.7905113
1432,images_species/Philonthus jurgans/Philonthus jurgans_33.jpg,Philonthus jurgans,Philonthus longicornis,Philonthus parvicornis,0.0022652505,Philonthus jurgans,0.49790314,Philonthus longicornis,0.4982632000000001
1433,images_species/Philonthus jurgans/Philonthus jurgans_6.jpg,Philonthus jurgans,Philonthus parvicornis,Philonthus jurgans,0.022923597999999996,Philonthus confinis,0.05646268,Philonthus parvicornis,0.8796943000000002
1445,images_species/Scopaeus sulcicollis/Scopaeus sulcicollis_65.jpg,Scopaeus sulcicollis,Scopaeus minutus,Astenus pulchellus,0.00047221005999999996,Scopaeus sulcicollis,0.03014749,Scopaeus minutus,0.9693405
1447,images_species/Scopaeus sulcicollis/Scopaeus sulcicollis_69.jpg,Scopaeus sulcicollis,Scopaeus minutus,Astenus pulchellus,9.083776e-05,Scopaeus sulcicollis,0.18894798,Scopaeus minutus,0.8109491999999999
1460,images_species/Philonthus quisquiliarius/Philonthus quisquiliarius_57.jpg,Philonthus quisquiliarius,Philonthus albipes,Bisnius nitidulus,0.013064031,Philonthus quisquiliarius,0.109876536,Philonthus albipes,0.86704624
1463,images_species/Philonthus quisquiliarius/Philonthus quisquiliarius_9.jpg,Philonthus quisquiliarius,Philonthus salinus,Philonthus nitidicollis,0.049264137,Philonthus quisquiliarius,0.21297893,Philonthus salinus,0.6304516
1470,images_species/Gyrohypnus angustatus/Gyrohypnus angustatus_4.jpg,Gyrohypnus angustatus,Phacophallus parumpunctatus,Xantholinus dvoraki,0.13792263,Gyrohypnus angustatus,0.17200468,Phacophallus parumpunctatus,0.6790525
1474,images_species/Staphylinus caesareus/Staphylinus caesareus_18.jpg,Staphylinus caesareus,Platydracus stercorarius,Staphylinus dimidiaticornis,0.13163044,Staphylinus caesareus,0.24932991,Platydracus stercorarius,0.61813056
1487,images_species/Quedius xanthopus/Quedius xanthopus_48.jpg,Quedius xanthopus,Quedius mesomelinus,Quedius maurus,0.19583770000000003,Quedius cinctus,0.2328382,Quedius mesomelinus,0.5675232
1493,images_species/Quedius xanthopus/Quedius xanthopus_85.jpg,Quedius xanthopus,Quedius mesomelinus,Quedius maurus,9.4744486e-05,Quedius xanthopus,0.092157066,Quedius mesomelinus,0.9077145000000001
1497,images_species/Quedius xanthopus/Quedius xanthopus_99.jpg,Quedius xanthopus,Quedius mesomelinus,Quedius umbrinus,4.0538593999999995e-05,Quedius xanthopus,0.010098666999999999,Quedius mesomelinus,0.98984224
1505,images_species/Lithocharis ochracea/Lithocharis ochracea_146.jpg,Lithocharis ochracea,Pseudomedon obscurellus,Medon apicalis,0.0043481104,Lithocharis ochracea,0.20819493,Pseudomedon obscurellus,0.78285474
1511,images_species/Lithocharis ochracea/Lithocharis ochracea_165.jpg,Lithocharis ochracea,Lithocharis nigriceps,Heterothops minutus,0.000103157574,Lithocharis ochracea,0.35805097,Lithocharis nigriceps,0.6414791999999999
1521,images_species/Lithocharis ochracea/Lithocharis ochracea_193.jpg,Lithocharis ochracea,Medon apicalis,Bisnius subuliformis,0.007009384699999999,Lithocharis ochracea,0.10258474,Medon apicalis,0.88737583
1531,images_species/Lithocharis ochracea/Lithocharis ochracea_81.jpg,Lithocharis ochracea,Medon ripicola,Sunius bicolor,0.00698367,Lithocharis ochracea,0.007655225999999999,Medon ripicola,0.98450696
1543,images_species/Philonthus binotatus/Philonthus binotatus_16.jpg,Philonthus binotatus,Philonthus corvinus,Philonthus binotatus,0.1293188,Philonthus furcifer,0.31140742,Philonthus corvinus,0.40342027
1571,images_species/Philonthus varians/Philonthus varians_53.jpg,Philonthus varians,Philonthus confinis,Philonthus nitidicollis,0.00021305564999999998,Philonthus varians,0.16825819,Philonthus confinis,0.8314991
1572,images_species/Philonthus varians/Philonthus varians_55.jpg,Philonthus varians,Philonthus confinis,Heterothops stiglundbergi,0.0013055275999999999,Philonthus varians,0.009434556,Philonthus confinis,0.9887396
1573,images_species/Philonthus varians/Philonthus varians_56.jpg,Philonthus varians,Philonthus carbonarius,Bisnius nitidulus,0.011201942,Philonthus varians,0.12870879999999998,Philonthus carbonarius,0.8570883
1574,images_species/Philonthus varians/Philonthus varians_66.jpg,Philonthus varians,Philonthus jurgans,Philonthus parvicornis,0.039351545,Philonthus varians,0.13241448,Philonthus jurgans,0.81963474
1596,images_species/Xantholinus laevigatus/Xantholinus laevigatus_10.jpg,Xantholinus laevigatus,Xantholinus gallicus,Xantholinus laevigatus,0.01675001,Xantholinus dvoraki,0.04796004,Xantholinus gallicus,0.9307175999999999
1600,images_species/Xantholinus laevigatus/Xantholinus laevigatus_27.jpg,Xantholinus laevigatus,Xantholinus linearis,Xantholinus laevigatus,0.008745719,Xantholinus longiventris,0.024073387999999998,Xantholinus linearis,0.964183
1601,images_species/Xantholinus laevigatus/Xantholinus laevigatus_28.jpg,Xantholinus laevigatus,Astenus immacullatus,Medon brunneus,0.014004556999999999,Leptacinus intermedius,0.019701246000000002,Astenus immacullatus,0.8941316999999999
1607,images_species/Philonthus corvinus/Philonthus corvinus_39.jpg,Philonthus corvinus,Acylophorus glaberrimus,Acylophorus wagenschieberi,0.022714248,Philonthus nigrita,0.46718603,Acylophorus glaberrimus,0.5016124
1610,images_species/Quedius semiobscurus/Quedius semiobscurus_15.jpg,Quedius semiobscurus,Quedius nitipennis,Quedius semiobscurus,0.0032162021,Quedius semiaeneus,0.47163886,Quedius nitipennis,0.5248881999999999
1626,images_species/Philonthus concinnus/Philonthus concinnus_39.jpg,Philonthus concinnus,Philonthus carbonarius,Philonthus nigrita,0.0021257252,Philonthus concinnus,0.0032878946999999998,Philonthus carbonarius,0.98991126
1627,images_species/Philonthus concinnus/Philonthus concinnus_40.jpg,Philonthus concinnus,Philonthus quisquiliarius,Gyrohypnus punctulatus,0.00010296261000000001,Philonthus concinnus,0.14867133,Philonthus quisquiliarius,0.8510898000000001
1668,images_species/Philonthus debilis/Philonthus debilis_51.jpg,Philonthus debilis,Philonthus ventralis,Philonthus discoideus,0.0014008029000000001,Philonthus debilis,0.009107808,Philonthus ventralis,0.9892496999999999
1677,images_species/Philonthus debilis/Philonthus debilis_99.jpg,Philonthus debilis,Bisnius fimetarius,Philonthus quisquiliarius,0.0039590253,Bisnius sordidus,0.04348174,Bisnius fimetarius,0.94899565
1698,images_species/Philonthus furcifer/Philonthus furcifer_31.jpg,Philonthus furcifer,Philonthus micans,Philonthus fumarius,0.0040982757,Philonthus furcifer,0.13358872,Philonthus micans,0.8605815
1700,images_species/Philonthus furcifer/Philonthus furcifer_4.jpg,Philonthus furcifer,Bisnius pseudoparcus,Gabrius exiguus,0.00088877795,Philonthus alpinus,0.08016197,Bisnius pseudoparcus,0.9174139000000001
1703,images_species/Philonthus confinis/Philonthus confinis_4.jpg,Philonthus confinis,Philonthus varians,Philonthus nitidicollis,3.5467325e-05,Philonthus confinis,0.02937815,Philonthus varians,0.9705577
1707,images_species/Bisnius cephalotes/Bisnius cephalotes_113.jpg,Bisnius cephalotes,Bisnius sordidus,Philonthus albipes,0.0063349,Philonthus concinnus,0.020274388,Bisnius sordidus,0.9618525
1710,images_species/Bisnius cephalotes/Bisnius cephalotes_121.jpg,Bisnius cephalotes,Bisnius sordidus,Philonthus rufipes,0.00029616524,Bisnius cephalotes,0.1705951,Bisnius sordidus,0.82847965
1715,images_species/Bisnius cephalotes/Bisnius cephalotes_134.jpg,Bisnius cephalotes,Bisnius sordidus,Philonthus discoideus,5.4864115e-05,Bisnius cephalotes,0.00017077812,Bisnius sordidus,0.9997261000000001
1717,images_species/Bisnius cephalotes/Bisnius cephalotes_140.jpg,Bisnius cephalotes,Bisnius sordidus,Bisnius cephalotes,5.3087155e-05,Bisnius fimetarius,0.00010906665000000001,Bisnius sordidus,0.9998368000000001
1724,images_species/Bisnius cephalotes/Bisnius cephalotes_21.jpg,Bisnius cephalotes,Bisnius sordidus,Bisnius pseudoparcus,0.11715434,Bisnius cephalotes,0.31637615,Bisnius sordidus,0.5560396
1733,images_species/Bisnius cephalotes/Bisnius cephalotes_59.jpg,Bisnius cephalotes,Bisnius sordidus,Bisnius fimetarius,0.03826625,Bisnius cephalotes,0.14519237,Bisnius sordidus,0.79273444
1752,images_species/Philonthus fumarius/Philonthus fumarius_72.jpg,Philonthus fumarius,Philonthus micans,Philonthus fumarius,0.00031148849999999996,Philonthus quisquiliarius,0.00031722672000000004,Philonthus micans,0.9992955
1764,images_species/Lathrobium rufipenne/Lathrobium rufipenne_53.jpg,Lathrobium rufipenne,Lathrobium elongatum,Astenus gracilis,4.2788356999999994e-05,Lathrobium rufipenne,0.25801715,Lathrobium elongatum,0.74186057
1770,images_species/Lathrobium rufipenne/Lathrobium rufipenne_71.jpg,Lathrobium rufipenne,Lobrathium multipunctum,Medon castaneus,5.935805e-06,Lathrobium pallidum,1.9554887000000003e-05,Lobrathium multipunctum,0.99995697
1792,images_species/Astenus lyonessius/Astenus lyonessius_144.jpg,Astenus lyonessius,Astenus pulchellus,Astenus lyonessius,3.2982909999999995e-07,Astenus gracilis,3.3647237e-05,Astenus pulchellus,0.99996567
1799,images_species/Astenus lyonessius/Astenus lyonessius_33.jpg,Astenus lyonessius,Astenus gracilis,Astenus pulchellus,0.026703866,Astenus lyonessius,0.46061558,Astenus gracilis,0.5087709
1809,images_species/Astenus lyonessius/Astenus lyonessius_76.jpg,Astenus lyonessius,Astenus gracilis,Astenus procerus,0.013167667,Astenus lyonessius,0.061895125,Astenus gracilis,0.9194855
1813,images_species/Astenus lyonessius/Astenus lyonessius_97.jpg,Astenus lyonessius,Astenus gracilis,Astenus pulchellus,0.0017837927,Astenus lyonessius,0.0018046198999999998,Astenus gracilis,0.9964001
1814,images_species/Astenus lyonessius/Astenus lyonessius_99.jpg,Astenus lyonessius,Astenus gracilis,Astenus pulchellus,4.798281e-05,Astenus lyonessius,0.0007638600999999999,Astenus gracilis,0.99914217
1819,images_species/Ocypus brunnipes/Ocypus brunnipes_31.jpg,Ocypus brunnipes,Tasgius morsitans,Platydracus fulvipes,0.0014278397,Ocypus brunnipes,0.43696523,Tasgius morsitans,0.56128746
1826,images_species/Rugilus erichsoni/Rugilus erichsoni_101.jpg,Rugilus erichsoni,Rugilus orbiculatus,Rugilus rufipes,0.0002839882,Rugilus erichsoni,0.37070864,Rugilus orbiculatus,0.6289858
1852,images_species/Rugilus erichsoni/Rugilus erichsoni_76.jpg,Rugilus erichsoni,Rugilus orbiculatus,Rugilus rufipes,7.1497698e-06,Rugilus erichsoni,0.00046351502999999994,Rugilus orbiculatus,0.99952924
1854,images_species/Rugilus erichsoni/Rugilus erichsoni_87.jpg,Rugilus erichsoni,Rugilus orbiculatus,Rugilus rufipes,0.00062419515,Rugilus erichsoni,0.006857726999999999,Rugilus orbiculatus,0.9924648000000001
1897,images_species/Philonthus parvicornis/Philonthus parvicornis_14.jpg,Philonthus parvicornis,Philonthus jurgans,Philonthus ebeninus,0.12989146,Philonthus parvicornis,0.19351445,Philonthus jurgans,0.57161015
1902,images_species/Philonthus parvicornis/Philonthus parvicornis_40.jpg,Philonthus parvicornis,Philonthus longicornis,Philonthus parvicornis,0.16095628,Quedius semiaeneus,0.25167078,Philonthus longicornis,0.39530554
1909,images_species/Philonthus politus/Philonthus politus_119.jpg,Philonthus politus,Philonthus succicola,Philonthus addendus,0.0008253199,Philonthus decorus,0.091085784,Philonthus succicola,0.90698016
1911,images_species/Philonthus politus/Philonthus politus_128.jpg,Philonthus politus,Philonthus succicola,Philonthus addendus,0.00052693055,Philonthus tenuicornis,0.0006201858,Philonthus succicola,0.9983334
1914,images_species/Philonthus politus/Philonthus politus_138.jpg,Philonthus politus,Philonthus addendus,Cafius xantholoma,0.041788846,Philonthus politus,0.283261,Philonthus addendus,0.6688454
1915,images_species/Philonthus politus/Philonthus politus_141.jpg,Philonthus politus,Philonthus addendus,Philonthus succicola,0.016074223000000002,Philonthus politus,0.15721546,Philonthus addendus,0.81302416
1916,images_species/Philonthus politus/Philonthus politus_144.jpg,Philonthus politus,Philonthus succicola,Ocypus olens,0.001798565,Philonthus politus,0.0026702540000000004,Philonthus succicola,0.99332035
1917,images_species/Philonthus politus/Philonthus politus_147.jpg,Philonthus politus,Philonthus succicola,Philonthus politus,0.0029041661999999998,Philonthus addendus,0.008088244,Philonthus succicola,0.9873360999999999
1923,images_species/Philonthus politus/Philonthus politus_166.jpg,Philonthus politus,Philonthus addendus,Philonthus decorus,0.030009655,Philonthus succicola,0.06612915,Philonthus addendus,0.902227
1928,images_species/Philonthus politus/Philonthus politus_199.jpg,Philonthus politus,Philonthus addendus,Philonthus politus,0.048533726,Philonthus succicola,0.09569694,Philonthus addendus,0.853368
1929,images_species/Philonthus politus/Philonthus politus_203.jpg,Philonthus politus,Philonthus addendus,Philonthus politus,0.057077736,Philonthus succicola,0.21862069,Philonthus addendus,0.7202003
1930,images_species/Philonthus politus/Philonthus politus_209.jpg,Philonthus politus,Philonthus succicola,Philonthus splendens,0.13831976,Philonthus politus,0.14840463,Philonthus succicola,0.70073617
1933,images_species/Philonthus politus/Philonthus politus_218.jpg,Philonthus politus,Philonthus succicola,Philonthus splendens,2.6945531e-06,Philonthus politus,6.4993015e-05,Philonthus succicola,0.9999244
1940,images_species/Philonthus politus/Philonthus politus_243.jpg,Philonthus politus,Philonthus addendus,Philonthus laminatus,0.014837345,Philonthus splendens,0.18595183,Philonthus addendus,0.786147
1947,images_species/Philonthus politus/Philonthus politus_40.jpg,Philonthus politus,Philonthus succicola,Philonthus laminatus,0.014028948999999999,Philonthus tenuicornis,0.042698182,Philonthus succicola,0.9053254999999999
1956,images_species/Othius angustus/Othius angustus_21.jpg,Othius angustus,Othius subuliformis,Xantholinus linearis,0.00020408370999999999,Othius angustus,0.021130858,Othius subuliformis,0.9786611999999999
1958,images_species/Othius angustus/Othius angustus_29.jpg,Othius angustus,Othius subuliformis,Xantholinus linearis,2.0318e-06,Othius angustus,0.0032406936,Othius subuliformis,0.9967571
1959,images_species/Othius angustus/Othius angustus_45.jpg,Othius angustus,Othius subuliformis,Gyrohypnus atratus,8.9142704e-05,Othius angustus,9.644371e-05,Othius subuliformis,0.9996277
1964,images_species/Othius angustus/Othius angustus_57.jpg,Othius angustus,Othius subuliformis,Sunius bicolor,2.6912035999999998e-05,Othius angustus,0.09267288,Othius subuliformis,0.9072927
1970,images_species/Othius angustus/Othius angustus_80.jpg,Othius angustus,Othius subuliformis,Lathrobium pallidum,0.019992635,Medon brunneus,0.18183453,Othius subuliformis,0.7516361
1982,images_species/Philonthus ventralis/Philonthus ventralis_48.jpg,Philonthus ventralis,Bisnius fimetarius,Philonthus ventralis,0.19099025,Philonthus quisquiliarius,0.27290675,Bisnius fimetarius,0.43948728
1986,images_species/Heterothops minutus/Heterothops minutus_26.jpg,Heterothops minutus,Heterothops binotatus,Heterothops minutus,0.00069460605,Heterothops praevius,0.027975505,Heterothops binotatus,0.9694122
2015,images_species/Quedius nitipennis/Quedius nitipennis_38.jpg,Quedius nitipennis,Quedius boops,Quedius nitipennis,0.16263232,Quedius persimilis,0.31460688,Quedius boops,0.52043235
2055,images_species/Gyrohypnus fracticornis/Gyrohypnus fracticornis_11.jpg,Gyrohypnus fracticornis,Gyrohypnus punctulatus,Phacophallus parumpunctatus,0.016732583,Gyrohypnus fracticornis,0.019574167,Gyrohypnus punctulatus,0.9534756999999999
2057,images_species/Gyrohypnus fracticornis/Gyrohypnus fracticornis_24.jpg,Gyrohypnus fracticornis,Gyrohypnus punctulatus,Philonthus rectangulus,8.169816e-05,Gyrohypnus fracticornis,0.040464804,Gyrohypnus punctulatus,0.9592096999999999
2058,images_species/Gyrohypnus fracticornis/Gyrohypnus fracticornis_28.jpg,Gyrohypnus fracticornis,Gyrohypnus atratus,Gyrohypnus punctulatus,0.009041496,Gyrohypnus fracticornis,0.044411205,Gyrohypnus atratus,0.9413860999999999
2059,images_species/Gyrohypnus fracticornis/Gyrohypnus fracticornis_29.jpg,Gyrohypnus fracticornis,Gyrohypnus punctulatus,Xantholinus longiventris,0.01714584,Gyrohypnus fracticornis,0.2033954,Gyrohypnus punctulatus,0.7769642
2061,images_species/Gyrohypnus fracticornis/Gyrohypnus fracticornis_38.jpg,Gyrohypnus fracticornis,Gyrohypnus punctulatus,Xantholinus longiventris,0.042163752,Gyrohypnus fracticornis,0.40404287,Gyrohypnus punctulatus,0.55352974
2063,images_species/Gyrohypnus fracticornis/Gyrohypnus fracticornis_44.jpg,Gyrohypnus fracticornis,Gyrohypnus punctulatus,Xantholinus longiventris,1.2349315e-06,Gyrohypnus fracticornis,0.00040297187000000006,Gyrohypnus punctulatus,0.99959475
2064,images_species/Gyrohypnus fracticornis/Gyrohypnus fracticornis_45.jpg,Gyrohypnus fracticornis,Gyrohypnus punctulatus,Phacophallus parumpunctatus,3.572893e-05,Gyrohypnus fracticornis,0.2352632,Gyrohypnus punctulatus,0.76468754
2066,images_species/Gyrohypnus fracticornis/Gyrohypnus fracticornis_58.jpg,Gyrohypnus fracticornis,Gyrohypnus punctulatus,Phacophallus parumpunctatus,0.00063608517,Gyrohypnus fracticornis,0.26916993,Gyrohypnus punctulatus,0.72946835
2106,images_species/Tetartopeus quadratus/Tetartopeus quadratus_68.jpg,Tetartopeus quadratus,Remus sericeus,Acylophorus glaberrimus,0.012130538,Tetartopeus quadratus,0.033047892,Remus sericeus,0.9509564
2108,images_species/Tetartopeus quadratus/Tetartopeus quadratus_85.jpg,Tetartopeus quadratus,Tetartopeus terminatus,Tetartopeus quadratus,0.0083304355,Lathrobium fovulum,0.013601598000000001,Tetartopeus terminatus,0.9685203000000001
2121,images_species/Philonthus salinus/Philonthus salinus_52.jpg,Philonthus salinus,Philonthus micans,Philonthus ventralis,0.00014307913,Philonthus quisquiliarius,0.00047748654999999997,Philonthus micans,0.9992735999999999
2181,images_species/Philonthus nitidus/Philonthus nitidus_151.jpg,Philonthus nitidus,Ocypus picipennis,Quedius brevicornis,0.02541619,Platydracus latebricola,0.03674596,Ocypus picipennis,0.9213619000000001
2202,images_species/Quedius boopoides/Quedius boopoides_10.jpg,Quedius boopoides,Quedius persimilis,Quedius nitipennis,0.010588711,Quedius boopoides,0.03559218,Quedius persimilis,0.9518300999999999
2203,images_species/Quedius boopoides/Quedius boopoides_15.jpg,Quedius boopoides,Quedius persimilis,Quedius nitipennis,0.08273549,Quedius boopoides,0.39989293,Quedius persimilis,0.49677098
2205,images_species/Quedius boopoides/Quedius boopoides_32.jpg,Quedius boopoides,Quedius semiobscurus,Quedius boopoides,0.14648676,Quedius auricomus,0.2887789,Quedius semiobscurus,0.54889834
2207,images_species/Quedius boopoides/Quedius boopoides_8.jpg,Quedius boopoides,Quedius persimilis,Quedius maurorufus,0.06997144,Quedius boopoides,0.17665865,Quedius persimilis,0.6842807
2234,images_species/Leptacinus batychrus/Leptacinus batychrus_92.jpg,Leptacinus batychrus,Bisnius nitidulus,Pseudomedon obscurellus,0.00010670143999999998,Medon brunneus,0.006317687,Bisnius nitidulus,0.9934389000000001
2237,images_species/Gabrius austriacus/Gabrius austriacus_15.jpg,Gabrius austriacus,Gabrius breviventer,Gabrius nigritulus,0.0024071706,Gabrius austriacus,0.10862051,Gabrius breviventer,0.88718814
2238,images_species/Gabrius austriacus/Gabrius austriacus_20.jpg,Gabrius austriacus,Gabrius nigritulus,Gabrius breviventer,0.030814882000000002,Gabrius austriacus,0.06854795,Gabrius nigritulus,0.8957138000000001
2241,images_species/Gabrius austriacus/Gabrius austriacus_9.jpg,Gabrius austriacus,Gabrius keysianus,Gabrius breviventer,0.0046127853,Gabrius appendiculatus,0.27968732,Gabrius keysianus,0.70873505
2303,images_species/Xantholinus linearis/Xantholinus linearis_17.jpg,Xantholinus linearis,Gyrohypnus angustatus,Othius subuliformis,0.16205993,Gyrohypnus atratus,0.26338762,Gyrohypnus angustatus,0.5124493
2320,images_species/Philonthus atratus/Philonthus atratus_135.jpg,Philonthus atratus,Philonthus cognatus,Philonthus carbonarius,0.011309273,Philonthus atratus,0.42375293,Philonthus cognatus,0.5626463
2329,images_species/Philonthus atratus/Philonthus atratus_24.jpg,Philonthus atratus,Philonthus carbonarius,Philonthus parvicornis,0.009498821,Philonthus longicornis,0.019634748,Philonthus carbonarius,0.958901
2337,images_species/Philonthus atratus/Philonthus atratus_55.jpg,Philonthus atratus,Philonthus carbonarius,Philonthus concinnus,5.2548644e-06,Philonthus atratus,2.138425e-05,Philonthus carbonarius,0.9999728000000001
2410,images_species/Neobisnius villosulus/Neobisnius villosulus_25.jpg,Neobisnius villosulus,Astenus gracilis,Neobisnius lathrobioides,0.018334752,Scopaeus laevigatus,0.024144078,Astenus gracilis,0.9393258
2411,images_species/Neobisnius villosulus/Neobisnius villosulus_26.jpg,Neobisnius villosulus,Scopaeus sulcicollis,Astenus immacullatus,0.13678889,Neobisnius villosulus,0.22347353,Scopaeus sulcicollis,0.43562973
2420,images_species/Quedius fulgidus/Quedius fulgidus_11.jpg,Quedius fulgidus,Quedius cruentus,Platydracus latebricola,0.0005716801999999999,Quedius brevicornis,0.0017347347,Quedius cruentus,0.99721295
2434,images_species/Bisnius puella/Bisnius puella_32.jpg,Bisnius puella,Philonthus nigrita,Euryporus picipes,0.18814209,Philonthus fumarius,0.24273369,Philonthus nigrita,0.37131086
2449,images_species/Quedius lucidulus/Quedius lucidulus_67.jpg,Quedius lucidulus,Quedius scintillans,Quedius microps,6.876605e-05,Quedius lucidulus,0.0020987026000000002,Quedius scintillans,0.99778736
2462,images_species/Othius subuliformis/Othius subuliformis_48.jpg,Othius subuliformis,Othius angustus,Sunius bicolor,0.106051594,Othius subuliformis,0.28208777,Othius angustus,0.610739
2509,images_species/Quedius umbrinus/Quedius umbrinus_50.jpg,Quedius umbrinus,Quedius suturalis,Quedius umbrinus,0.024140072999999998,Quedius fumatus,0.28352028,Quedius suturalis,0.67802244
2513,images_species/Quedius umbrinus/Quedius umbrinus_73.jpg,Quedius umbrinus,Quedius maurorufus,Quedius nitipennis,0.08124357,Quedius umbrinus,0.37561414,Quedius maurorufus,0.5319242
2514,images_species/Quedius umbrinus/Quedius umbrinus_76.jpg,Quedius umbrinus,Quedius maurorufus,Quedius suturalis,6.149192e-05,Quedius umbrinus,0.0011687865,Quedius maurorufus,0.9986847
2521,images_species/Ochthephilum collare/Ochthephilum collare_7.jpg,Ochthephilum collare,Ochthephilum fracticorne,Gabrius osseticus,5.831570300000001e-07,Ochthephilum collare,0.00094531284,Ochthephilum fracticorne,0.9990528000000001
2533,images_species/Leptacinus pusillus/Leptacinus pusillus_28.jpg,Leptacinus pusillus,Leptacinus intermedius,Leptacinus formicetorum,0.00079333456,Leptacinus pusillus,0.25041434,Leptacinus intermedius,0.7474451
2548,images_species/Lathrobium fovulum/Lathrobium fovulum_19.jpg,Lathrobium fovulum,Tetartopeus quadratus,Lathrobium fovulum,0.04916811,Tetartopeus terminatus,0.41486648,Tetartopeus quadratus,0.5353055
2554,images_species/Lathrobium fovulum/Lathrobium fovulum_41.jpg,Lathrobium fovulum,Lathrobium pallidum,Lathrobium fovulum,0.0038642301,Lathrobium dilutum,0.0041391477,Lathrobium pallidum,0.9917971999999999
2562,images_species/Lathrobium fovulum/Lathrobium fovulum_93.jpg,Lathrobium fovulum,Lathrobium impressum,Tetartopeus quadratus,9.577059000000001e-05,Lathrobium fovulum,0.016489688,Lathrobium impressum,0.9833183000000001
2662,images_species/Quedius puncticollis/Quedius puncticollis_69.jpg,Quedius puncticollis,Quedius brevicornis,Ocypus picipennis,0.00047222944000000004,Quedius puncticollis,0.3791839,Quedius brevicornis,0.6194392
2709,images_species/Astenus pulchellus/Astenus pulchellus_111.jpg,Astenus pulchellus,Astenus gracilis,Scopaeus laevigatus,0.00044655925000000005,Astenus pulchellus,0.0010288338,Astenus gracilis,0.9979511000000001
2714,images_species/Astenus pulchellus/Astenus pulchellus_127.jpg,Astenus pulchellus,Astenus gracilis,Scopaeus laevigatus,0.00037004947,Astenus pulchellus,0.37024063,Astenus gracilis,0.62935865
2731,images_species/Astenus pulchellus/Astenus pulchellus_98.jpg,Astenus pulchellus,Astenus immacullatus,Astenus pulchellus,0.0037641811999999998,Scopaeus sulcicollis,0.015762843000000002,Astenus immacullatus,0.978294
2738,images_species/Quedius mesomelinus/Quedius mesomelinus_29.jpg,Quedius mesomelinus,Quedius umbrinus,Philonthus carbonarius,0.13667193,Philonthus rufipes,0.2336575,Quedius umbrinus,0.50391287
2746,images_species/Quedius mesomelinus/Quedius mesomelinus_74.jpg,Quedius mesomelinus,Quedius maurus,Quedius xanthopus,0.003267864,Quedius mesomelinus,0.42137894,Quedius maurus,0.57473755
2849,images_species/Rugilus orbiculatus/Rugilus orbiculatus_154.jpg,Rugilus orbiculatus,Rugilus erichsoni,Medon brunneus,0.00022570862999999998,Rugilus orbiculatus,0.14685412,Rugilus erichsoni,0.8527995
2956,images_species/Gabrius splendidulus/Gabrius splendidulus_82.jpg,Gabrius splendidulus,Gabrius osseticus,Othius angustus,2.3083338e-05,Bisnius nitidulus,8.990426999999999e-05,Gabrius osseticus,0.9998491
3051,images_species/Lathrobium elongatum/Lathrobium elongatum_223.jpg,Lathrobium elongatum,Lathrobium rufipenne,Lobrathium multipunctum,4.666778499999999e-07,Lathrobium elongatum,0.10770137,Lathrobium rufipenne,0.8922974
3074,images_species/Xantholinus longiventris/Xantholinus longiventris_15.jpg,Xantholinus longiventris,Rugilus rufipes,Quedius auricomus,0.005011435,Rugilus orbiculatus,0.028969422,Rugilus rufipes,0.95746547
3078,images_species/Xantholinus longiventris/Xantholinus longiventris_37.jpg,Xantholinus longiventris,Xantholinus linearis,Xantholinus gallicus,0.0014302019,Xantholinus longiventris,0.009855726,Xantholinus linearis,0.98834085
3139,images_species/Heterothops dissimilis/Heterothops dissimilis_15.jpg,Heterothops dissimilis,Heterothops binotatus,Heterothops quadripunctulus,0.00037067285,Heterothops dissimilis,0.19658361,Heterothops binotatus,0.8029294
3140,images_species/Heterothops dissimilis/Heterothops dissimilis_24.jpg,Heterothops dissimilis,Heterothops binotatus,Heterothops quadripunctulus,0.0005005898400000001,Heterothops dissimilis,0.18092224,Heterothops binotatus,0.8183869
3142,images_species/Heterothops dissimilis/Heterothops dissimilis_31.jpg,Heterothops dissimilis,Heterothops binotatus,Heterothops quadripunctulus,0.00033170587,Heterothops dissimilis,0.04945482,Heterothops binotatus,0.9501232
3143,images_species/Heterothops dissimilis/Heterothops dissimilis_7.jpg,Heterothops dissimilis,Heterothops binotatus,Heterothops quadripunctulus,5.3104424e-05,Heterothops dissimilis,0.38883909999999994,Heterothops binotatus,0.61107904
3144,images_species/Heterothops dissimilis/Heterothops dissimilis_8.jpg,Heterothops dissimilis,Heterothops binotatus,Heterothops quadripunctulus,5.772576e-05,Heterothops dissimilis,0.0035942076,Heterothops binotatus,0.99633276
3145,images_species/Heterothops dissimilis/Heterothops dissimilis_9.jpg,Heterothops dissimilis,Heterothops quadripunctulus,Heterothops dissimilis,0.08031350400000001,Heterothops binotatus,0.25125498,Heterothops quadripunctulus,0.66474724
3152,images_species/Philonthus intermedius/Philonthus intermedius_37.jpg,Philonthus intermedius,Philonthus laminatus,Ocypus fuscatus,5.8317783e-05,Philonthus intermedius,0.27124509999999996,Philonthus laminatus,0.7286847
3155,images_species/Philonthus intermedius/Philonthus intermedius_46.jpg,Philonthus intermedius,Philonthus laminatus,Philonthus mannerheimi,6.5814784e-05,Philonthus intermedius,0.00066901185,Philonthus laminatus,0.9992506
3157,images_species/Philonthus intermedius/Philonthus intermedius_56.jpg,Philonthus intermedius,Philonthus laminatus,Philonthus atratus,0.00014866987,Philonthus intermedius,0.21655421,Philonthus laminatus,0.7832493
3163,images_species/Philonthus alpinus/Philonthus alpinus_3.jpg,Philonthus alpinus,Philonthus albipes,Philonthus micantoides,0.001057491,Philonthus alpinus,0.05696305,Philonthus albipes,0.9418478000000001
3169,images_species/Quedius picipes/Quedius picipes_39.jpg,Quedius picipes,Quedius molochinus,Quedius picipes,0.011866348999999998,Quedius puncticollis,0.085094556,Quedius molochinus,0.89916396
3170,images_species/Quedius picipes/Quedius picipes_44.jpg,Quedius picipes,Quedius molochinus,Ocypus picipennis,5.2853535e-05,Quedius picipes,0.00010006689000000001,Quedius molochinus,0.99983907
3192,images_species/Lathrobium impressum/Lathrobium impressum_165.jpg,Lathrobium impressum,Quedius auricomus,Lathrobium impressum,0.0008422915699999999,Rugilus rufipes,0.015556921999999999,Quedius auricomus,0.9826790000000001
3217,images_species/Lathrobium impressum/Lathrobium impressum_270.jpg,Lathrobium impressum,Lathrobium fovulum,Lathrobium rufipenne,0.0011837465,Lathrobium impressum,0.009860957,Lathrobium fovulum,0.98886347
3264,images_species/Quedius curtipennis/Quedius curtipennis_20.jpg,Quedius curtipennis,Quedius fuliginosus,Quedius levicollis,0.0019655803,Quedius curtipennis,0.1269252,Quedius fuliginosus,0.87074125
3266,images_species/Quedius curtipennis/Quedius curtipennis_27.jpg,Quedius curtipennis,Quedius fuliginosus,Quedius lateralis,0.007914116,Quedius curtipennis,0.022640387,Quedius fuliginosus,0.9632493000000001
3268,images_species/Quedius curtipennis/Quedius curtipennis_5.jpg,Quedius curtipennis,Quedius simplicifrons,Quedius nigrocaeruleus,0.028051179,Quedius curtipennis,0.04290572,Quedius simplicifrons,0.90491664
3270,images_species/Bisnius fimetarius/Bisnius fimetarius_100.jpg,Bisnius fimetarius,Philonthus marginatus,Bisnius fimetarius,0.026261576000000002,Philonthus fumarius,0.042901173,Philonthus marginatus,0.8739891
3282,images_species/Bisnius fimetarius/Bisnius fimetarius_143.jpg,Bisnius fimetarius,Philonthus debilis,Philonthus ventralis,0.037264727000000004,Bisnius fimetarius,0.088439725,Philonthus debilis,0.8696689000000001
3294,images_species/Bisnius fimetarius/Bisnius fimetarius_177.jpg,Bisnius fimetarius,Philonthus ventralis,Bisnius fimetarius,0.20973451,Bisnius sordidus,0.21944551,Philonthus ventralis,0.5646643
3305,images_species/Bisnius fimetarius/Bisnius fimetarius_236.jpg,Bisnius fimetarius,Philonthus micans,Philonthus longicornis,0.060243987,Philonthus albipes,0.14283249,Philonthus micans,0.78119934
