predicted_genus,real_genus,filepath,correct_prediction,real_species
Bisnius,Bisnius,../../../images/cutout_species/Bisnius nigriventris/Bisnius nigriventris_4.jpg,True,Bisnius nigriventris
Bisnius,Bisnius,../../../images/cutout_species/Bisnius nigriventris/Bisnius nigriventris_0.jpg,True,Bisnius nigriventris
Bisnius,Bisnius,../../../images/cutout_species/Bisnius nigriventris/Bisnius nigriventris_1.jpg,True,Bisnius nigriventris
Bisnius,Bisnius,../../../images/cutout_species/Bisnius nigriventris/Bisnius nigriventris_3.jpg,True,Bisnius nigriventris
Bisnius,Bisnius,../../../images/cutout_species/Bisnius nigriventris/Bisnius nigriventris_5.jpg,True,Bisnius nigriventris
Bisnius,Bisnius,../../../images/cutout_species/Bisnius nigriventris/Bisnius nigriventris_2.jpg,True,Bisnius nigriventris
Bisnius,Gabrius,../../../images/cutout_species/Gabrius piliger/Gabrius piliger_0.jpg,False,Gabrius piliger
Bisnius,Gabrius,../../../images/cutout_species/Gabrius piliger/Gabrius piliger_5.jpg,False,Gabrius piliger
Bisnius,Gabrius,../../../images/cutout_species/Gabrius piliger/Gabrius piliger_6.jpg,False,Gabrius piliger
Bisnius,Gabrius,../../../images/cutout_species/Gabrius piliger/Gabrius piliger_4.jpg,False,Gabrius piliger
Bisnius,Gabrius,../../../images/cutout_species/Gabrius piliger/Gabrius piliger_2.jpg,False,Gabrius piliger
Bisnius,Gabrius,../../../images/cutout_species/Gabrius piliger/Gabrius piliger_3.jpg,False,Gabrius piliger
Bisnius,Gabrius,../../../images/cutout_species/Gabrius piliger/Gabrius piliger_1.jpg,False,Gabrius piliger
Rugilus,Lathrobium,../../../images/cutout_species/Lathrobium castaneipenne/Lathrobium castaneipenne_1.jpg,False,Lathrobium castaneipenne
Lathrobium,Lathrobium,../../../images/cutout_species/Lathrobium castaneipenne/Lathrobium castaneipenne_3.jpg,True,Lathrobium castaneipenne
Lathrobium,Lathrobium,../../../images/cutout_species/Lathrobium castaneipenne/Lathrobium castaneipenne_5.jpg,True,Lathrobium castaneipenne
Lathrobium,Lathrobium,../../../images/cutout_species/Lathrobium castaneipenne/Lathrobium castaneipenne_2.jpg,True,Lathrobium castaneipenne
Lathrobium,Lathrobium,../../../images/cutout_species/Lathrobium castaneipenne/Lathrobium castaneipenne_0.jpg,True,Lathrobium castaneipenne
Lathrobium,Lathrobium,../../../images/cutout_species/Lathrobium castaneipenne/Lathrobium castaneipenne_4.jpg,True,Lathrobium castaneipenne
Lathrobium,Lathrobium,../../../images/cutout_species/Lathrobium longulum/Lathrobium longulum_43.jpg,True,Lathrobium longulum
Lathrobium,Lathrobium,../../../images/cutout_species/Lathrobium longulum/Lathrobium longulum_152.jpg,True,Lathrobium longulum
Lathrobium,Lathrobium,../../../images/cutout_species/Lathrobium longulum/Lathrobium longulum_39.jpg,True,Lathrobium longulum
Lathrobium,Lathrobium,../../../images/cutout_species/Lathrobium longulum/Lathrobium longulum_83.jpg,True,Lathrobium longulum
Lathrobium,Lathrobium,../../../images/cutout_species/Lathrobium longulum/Lathrobium longulum_25.jpg,True,Lathrobium longulum
Scopaeus,Lathrobium,../../../images/cutout_species/Lathrobium longulum/Lathrobium longulum_133.jpg,False,Lathrobium longulum
Lathrobium,Lathrobium,../../../images/cutout_species/Lathrobium longulum/Lathrobium longulum_44.jpg,True,Lathrobium longulum
Lathrobium,Lathrobium,../../../images/cutout_species/Lathrobium longulum/Lathrobium longulum_57.jpg,True,Lathrobium longulum
Lathrobium,Lathrobium,../../../images/cutout_species/Lathrobium longulum/Lathrobium longulum_112.jpg,True,Lathrobium longulum
Lathrobium,Lathrobium,../../../images/cutout_species/Lathrobium longulum/Lathrobium longulum_87.jpg,True,Lathrobium longulum
Lathrobium,Lathrobium,../../../images/cutout_species/Lathrobium longulum/Lathrobium longulum_90.jpg,True,Lathrobium longulum
Lathrobium,Lathrobium,../../../images/cutout_species/Lathrobium longulum/Lathrobium longulum_106.jpg,True,Lathrobium longulum
Lathrobium,Lathrobium,../../../images/cutout_species/Lathrobium longulum/Lathrobium longulum_164.jpg,True,Lathrobium longulum
Lathrobium,Lathrobium,../../../images/cutout_species/Lathrobium longulum/Lathrobium longulum_24.jpg,True,Lathrobium longulum
Neobisnius,Lathrobium,../../../images/cutout_species/Lathrobium longulum/Lathrobium longulum_49.jpg,False,Lathrobium longulum
Lathrobium,Lathrobium,../../../images/cutout_species/Lathrobium longulum/Lathrobium longulum_101.jpg,True,Lathrobium longulum
Lathrobium,Lathrobium,../../../images/cutout_species/Lathrobium longulum/Lathrobium longulum_88.jpg,True,Lathrobium longulum
Lathrobium,Lathrobium,../../../images/cutout_species/Lathrobium longulum/Lathrobium longulum_121.jpg,True,Lathrobium longulum
Lathrobium,Lathrobium,../../../images/cutout_species/Lathrobium longulum/Lathrobium longulum_10.jpg,True,Lathrobium longulum
Lathrobium,Lathrobium,../../../images/cutout_species/Lathrobium longulum/Lathrobium longulum_68.jpg,True,Lathrobium longulum
Lathrobium,Lathrobium,../../../images/cutout_species/Lathrobium longulum/Lathrobium longulum_19.jpg,True,Lathrobium longulum
Lathrobium,Lathrobium,../../../images/cutout_species/Lathrobium longulum/Lathrobium longulum_111.jpg,True,Lathrobium longulum
Neobisnius,Lathrobium,../../../images/cutout_species/Lathrobium longulum/Lathrobium longulum_55.jpg,False,Lathrobium longulum
Lathrobium,Lathrobium,../../../images/cutout_species/Lathrobium longulum/Lathrobium longulum_6.jpg,True,Lathrobium longulum
Lathrobium,Lathrobium,../../../images/cutout_species/Lathrobium longulum/Lathrobium longulum_132.jpg,True,Lathrobium longulum
Lathrobium,Lathrobium,../../../images/cutout_species/Lathrobium longulum/Lathrobium longulum_114.jpg,True,Lathrobium longulum
Lathrobium,Lathrobium,../../../images/cutout_species/Lathrobium longulum/Lathrobium longulum_54.jpg,True,Lathrobium longulum
Lathrobium,Lathrobium,../../../images/cutout_species/Lathrobium longulum/Lathrobium longulum_141.jpg,True,Lathrobium longulum
Lathrobium,Lathrobium,../../../images/cutout_species/Lathrobium longulum/Lathrobium longulum_2.jpg,True,Lathrobium longulum
Lathrobium,Lathrobium,../../../images/cutout_species/Lathrobium longulum/Lathrobium longulum_144.jpg,True,Lathrobium longulum
Lathrobium,Lathrobium,../../../images/cutout_species/Lathrobium longulum/Lathrobium longulum_96.jpg,True,Lathrobium longulum
Lathrobium,Lathrobium,../../../images/cutout_species/Lathrobium longulum/Lathrobium longulum_150.jpg,True,Lathrobium longulum
Neobisnius,Lathrobium,../../../images/cutout_species/Lathrobium longulum/Lathrobium longulum_75.jpg,False,Lathrobium longulum
Lathrobium,Lathrobium,../../../images/cutout_species/Lathrobium longulum/Lathrobium longulum_110.jpg,True,Lathrobium longulum
Lathrobium,Lathrobium,../../../images/cutout_species/Lathrobium longulum/Lathrobium longulum_137.jpg,True,Lathrobium longulum
Lathrobium,Lathrobium,../../../images/cutout_species/Lathrobium longulum/Lathrobium longulum_32.jpg,True,Lathrobium longulum
Astenus,Lathrobium,../../../images/cutout_species/Lathrobium longulum/Lathrobium longulum_18.jpg,False,Lathrobium longulum
Lathrobium,Lathrobium,../../../images/cutout_species/Lathrobium longulum/Lathrobium longulum_51.jpg,True,Lathrobium longulum
Lathrobium,Lathrobium,../../../images/cutout_species/Lathrobium longulum/Lathrobium longulum_8.jpg,True,Lathrobium longulum
Lathrobium,Lathrobium,../../../images/cutout_species/Lathrobium longulum/Lathrobium longulum_46.jpg,True,Lathrobium longulum
Lathrobium,Lathrobium,../../../images/cutout_species/Lathrobium longulum/Lathrobium longulum_66.jpg,True,Lathrobium longulum
Lathrobium,Lathrobium,../../../images/cutout_species/Lathrobium longulum/Lathrobium longulum_130.jpg,True,Lathrobium longulum
Lathrobium,Lathrobium,../../../images/cutout_species/Lathrobium longulum/Lathrobium longulum_102.jpg,True,Lathrobium longulum
Lathrobium,Lathrobium,../../../images/cutout_species/Lathrobium longulum/Lathrobium longulum_63.jpg,True,Lathrobium longulum
Astenus,Lathrobium,../../../images/cutout_species/Lathrobium longulum/Lathrobium longulum_48.jpg,False,Lathrobium longulum
Lathrobium,Lathrobium,../../../images/cutout_species/Lathrobium longulum/Lathrobium longulum_23.jpg,True,Lathrobium longulum
Lathrobium,Lathrobium,../../../images/cutout_species/Lathrobium longulum/Lathrobium longulum_140.jpg,True,Lathrobium longulum
Lathrobium,Lathrobium,../../../images/cutout_species/Lathrobium longulum/Lathrobium longulum_9.jpg,True,Lathrobium longulum
Lathrobium,Lathrobium,../../../images/cutout_species/Lathrobium longulum/Lathrobium longulum_91.jpg,True,Lathrobium longulum
Lathrobium,Lathrobium,../../../images/cutout_species/Lathrobium longulum/Lathrobium longulum_86.jpg,True,Lathrobium longulum
Lathrobium,Lathrobium,../../../images/cutout_species/Lathrobium longulum/Lathrobium longulum_17.jpg,True,Lathrobium longulum
Lathrobium,Lathrobium,../../../images/cutout_species/Lathrobium longulum/Lathrobium longulum_40.jpg,True,Lathrobium longulum
Lathrobium,Lathrobium,../../../images/cutout_species/Lathrobium longulum/Lathrobium longulum_134.jpg,True,Lathrobium longulum
Lathrobium,Lathrobium,../../../images/cutout_species/Lathrobium longulum/Lathrobium longulum_50.jpg,True,Lathrobium longulum
Lathrobium,Lathrobium,../../../images/cutout_species/Lathrobium longulum/Lathrobium longulum_73.jpg,True,Lathrobium longulum
Lathrobium,Lathrobium,../../../images/cutout_species/Lathrobium longulum/Lathrobium longulum_77.jpg,True,Lathrobium longulum
Lathrobium,Lathrobium,../../../images/cutout_species/Lathrobium longulum/Lathrobium longulum_29.jpg,True,Lathrobium longulum
Lathrobium,Lathrobium,../../../images/cutout_species/Lathrobium longulum/Lathrobium longulum_131.jpg,True,Lathrobium longulum
Lathrobium,Lathrobium,../../../images/cutout_species/Lathrobium longulum/Lathrobium longulum_175.jpg,True,Lathrobium longulum
Lathrobium,Lathrobium,../../../images/cutout_species/Lathrobium longulum/Lathrobium longulum_0.jpg,True,Lathrobium longulum
Lathrobium,Lathrobium,../../../images/cutout_species/Lathrobium longulum/Lathrobium longulum_127.jpg,True,Lathrobium longulum
Neobisnius,Lathrobium,../../../images/cutout_species/Lathrobium longulum/Lathrobium longulum_13.jpg,False,Lathrobium longulum
Astenus,Lathrobium,../../../images/cutout_species/Lathrobium longulum/Lathrobium longulum_16.jpg,False,Lathrobium longulum
Lathrobium,Lathrobium,../../../images/cutout_species/Lathrobium longulum/Lathrobium longulum_174.jpg,True,Lathrobium longulum
Neobisnius,Lathrobium,../../../images/cutout_species/Lathrobium longulum/Lathrobium longulum_78.jpg,False,Lathrobium longulum
Lathrobium,Lathrobium,../../../images/cutout_species/Lathrobium longulum/Lathrobium longulum_31.jpg,True,Lathrobium longulum
Lathrobium,Lathrobium,../../../images/cutout_species/Lathrobium longulum/Lathrobium longulum_117.jpg,True,Lathrobium longulum
Lathrobium,Lathrobium,../../../images/cutout_species/Lathrobium longulum/Lathrobium longulum_147.jpg,True,Lathrobium longulum
Lathrobium,Lathrobium,../../../images/cutout_species/Lathrobium longulum/Lathrobium longulum_151.jpg,True,Lathrobium longulum
Lathrobium,Lathrobium,../../../images/cutout_species/Lathrobium longulum/Lathrobium longulum_182.jpg,True,Lathrobium longulum
Lathrobium,Lathrobium,../../../images/cutout_species/Lathrobium longulum/Lathrobium longulum_170.jpg,True,Lathrobium longulum
Lathrobium,Lathrobium,../../../images/cutout_species/Lathrobium longulum/Lathrobium longulum_135.jpg,True,Lathrobium longulum
Lathrobium,Lathrobium,../../../images/cutout_species/Lathrobium longulum/Lathrobium longulum_173.jpg,True,Lathrobium longulum
Lathrobium,Lathrobium,../../../images/cutout_species/Lathrobium longulum/Lathrobium longulum_119.jpg,True,Lathrobium longulum
Lathrobium,Lathrobium,../../../images/cutout_species/Lathrobium longulum/Lathrobium longulum_171.jpg,True,Lathrobium longulum
Lathrobium,Lathrobium,../../../images/cutout_species/Lathrobium longulum/Lathrobium longulum_59.jpg,True,Lathrobium longulum
Lathrobium,Lathrobium,../../../images/cutout_species/Lathrobium longulum/Lathrobium longulum_7.jpg,True,Lathrobium longulum
Lathrobium,Lathrobium,../../../images/cutout_species/Lathrobium longulum/Lathrobium longulum_183.jpg,True,Lathrobium longulum
Lathrobium,Lathrobium,../../../images/cutout_species/Lathrobium longulum/Lathrobium longulum_67.jpg,True,Lathrobium longulum
Astenus,Lathrobium,../../../images/cutout_species/Lathrobium longulum/Lathrobium longulum_93.jpg,False,Lathrobium longulum
Lathrobium,Lathrobium,../../../images/cutout_species/Lathrobium longulum/Lathrobium longulum_116.jpg,True,Lathrobium longulum
Lathrobium,Lathrobium,../../../images/cutout_species/Lathrobium longulum/Lathrobium longulum_186.jpg,True,Lathrobium longulum
Lathrobium,Lathrobium,../../../images/cutout_species/Lathrobium longulum/Lathrobium longulum_35.jpg,True,Lathrobium longulum
Lathrobium,Lathrobium,../../../images/cutout_species/Lathrobium longulum/Lathrobium longulum_172.jpg,True,Lathrobium longulum
Lathrobium,Lathrobium,../../../images/cutout_species/Lathrobium longulum/Lathrobium longulum_107.jpg,True,Lathrobium longulum
Lathrobium,Lathrobium,../../../images/cutout_species/Lathrobium longulum/Lathrobium longulum_81.jpg,True,Lathrobium longulum
Lathrobium,Lathrobium,../../../images/cutout_species/Lathrobium longulum/Lathrobium longulum_179.jpg,True,Lathrobium longulum
Lathrobium,Lathrobium,../../../images/cutout_species/Lathrobium longulum/Lathrobium longulum_115.jpg,True,Lathrobium longulum
Lathrobium,Lathrobium,../../../images/cutout_species/Lathrobium longulum/Lathrobium longulum_94.jpg,True,Lathrobium longulum
Lathrobium,Lathrobium,../../../images/cutout_species/Lathrobium longulum/Lathrobium longulum_27.jpg,True,Lathrobium longulum
Lathrobium,Lathrobium,../../../images/cutout_species/Lathrobium longulum/Lathrobium longulum_105.jpg,True,Lathrobium longulum
Lathrobium,Lathrobium,../../../images/cutout_species/Lathrobium longulum/Lathrobium longulum_145.jpg,True,Lathrobium longulum
Lathrobium,Lathrobium,../../../images/cutout_species/Lathrobium longulum/Lathrobium longulum_118.jpg,True,Lathrobium longulum
Lathrobium,Lathrobium,../../../images/cutout_species/Lathrobium longulum/Lathrobium longulum_14.jpg,True,Lathrobium longulum
Lathrobium,Lathrobium,../../../images/cutout_species/Lathrobium longulum/Lathrobium longulum_126.jpg,True,Lathrobium longulum
Lathrobium,Lathrobium,../../../images/cutout_species/Lathrobium longulum/Lathrobium longulum_157.jpg,True,Lathrobium longulum
Lathrobium,Lathrobium,../../../images/cutout_species/Lathrobium longulum/Lathrobium longulum_128.jpg,True,Lathrobium longulum
Lathrobium,Lathrobium,../../../images/cutout_species/Lathrobium longulum/Lathrobium longulum_100.jpg,True,Lathrobium longulum
Astenus,Lathrobium,../../../images/cutout_species/Lathrobium longulum/Lathrobium longulum_56.jpg,False,Lathrobium longulum
Lathrobium,Lathrobium,../../../images/cutout_species/Lathrobium longulum/Lathrobium longulum_30.jpg,True,Lathrobium longulum
Lathrobium,Lathrobium,../../../images/cutout_species/Lathrobium longulum/Lathrobium longulum_159.jpg,True,Lathrobium longulum
Lathrobium,Lathrobium,../../../images/cutout_species/Lathrobium longulum/Lathrobium longulum_120.jpg,True,Lathrobium longulum
Lathrobium,Lathrobium,../../../images/cutout_species/Lathrobium longulum/Lathrobium longulum_21.jpg,True,Lathrobium longulum
Astenus,Lathrobium,../../../images/cutout_species/Lathrobium longulum/Lathrobium longulum_156.jpg,False,Lathrobium longulum
Lathrobium,Lathrobium,../../../images/cutout_species/Lathrobium longulum/Lathrobium longulum_178.jpg,True,Lathrobium longulum
Lathrobium,Lathrobium,../../../images/cutout_species/Lathrobium longulum/Lathrobium longulum_181.jpg,True,Lathrobium longulum
Lathrobium,Lathrobium,../../../images/cutout_species/Lathrobium longulum/Lathrobium longulum_47.jpg,True,Lathrobium longulum
Lathrobium,Lathrobium,../../../images/cutout_species/Lathrobium longulum/Lathrobium longulum_52.jpg,True,Lathrobium longulum
Lathrobium,Lathrobium,../../../images/cutout_species/Lathrobium longulum/Lathrobium longulum_85.jpg,True,Lathrobium longulum
Lathrobium,Lathrobium,../../../images/cutout_species/Lathrobium longulum/Lathrobium longulum_76.jpg,True,Lathrobium longulum
Lathrobium,Lathrobium,../../../images/cutout_species/Lathrobium longulum/Lathrobium longulum_69.jpg,True,Lathrobium longulum
Lathrobium,Lathrobium,../../../images/cutout_species/Lathrobium longulum/Lathrobium longulum_5.jpg,True,Lathrobium longulum
Lathrobium,Lathrobium,../../../images/cutout_species/Lathrobium longulum/Lathrobium longulum_129.jpg,True,Lathrobium longulum
Lathrobium,Lathrobium,../../../images/cutout_species/Lathrobium longulum/Lathrobium longulum_165.jpg,True,Lathrobium longulum
Lathrobium,Lathrobium,../../../images/cutout_species/Lathrobium longulum/Lathrobium longulum_142.jpg,True,Lathrobium longulum
Lathrobium,Lathrobium,../../../images/cutout_species/Lathrobium longulum/Lathrobium longulum_11.jpg,True,Lathrobium longulum
Lathrobium,Lathrobium,../../../images/cutout_species/Lathrobium longulum/Lathrobium longulum_34.jpg,True,Lathrobium longulum
Lathrobium,Lathrobium,../../../images/cutout_species/Lathrobium longulum/Lathrobium longulum_123.jpg,True,Lathrobium longulum
Lathrobium,Lathrobium,../../../images/cutout_species/Lathrobium longulum/Lathrobium longulum_146.jpg,True,Lathrobium longulum
Lathrobium,Lathrobium,../../../images/cutout_species/Lathrobium longulum/Lathrobium longulum_113.jpg,True,Lathrobium longulum
Lathrobium,Lathrobium,../../../images/cutout_species/Lathrobium longulum/Lathrobium longulum_138.jpg,True,Lathrobium longulum
Lathrobium,Lathrobium,../../../images/cutout_species/Lathrobium longulum/Lathrobium longulum_180.jpg,True,Lathrobium longulum
Lathrobium,Lathrobium,../../../images/cutout_species/Lathrobium longulum/Lathrobium longulum_139.jpg,True,Lathrobium longulum
Lathrobium,Lathrobium,../../../images/cutout_species/Lathrobium longulum/Lathrobium longulum_42.jpg,True,Lathrobium longulum
Lobrathium,Lathrobium,../../../images/cutout_species/Lathrobium longulum/Lathrobium longulum_82.jpg,False,Lathrobium longulum
Neobisnius,Lathrobium,../../../images/cutout_species/Lathrobium longulum/Lathrobium longulum_20.jpg,False,Lathrobium longulum
Lathrobium,Lathrobium,../../../images/cutout_species/Lathrobium longulum/Lathrobium longulum_70.jpg,True,Lathrobium longulum
Lathrobium,Lathrobium,../../../images/cutout_species/Lathrobium longulum/Lathrobium longulum_64.jpg,True,Lathrobium longulum
Lathrobium,Lathrobium,../../../images/cutout_species/Lathrobium longulum/Lathrobium longulum_26.jpg,True,Lathrobium longulum
Lathrobium,Lathrobium,../../../images/cutout_species/Lathrobium longulum/Lathrobium longulum_168.jpg,True,Lathrobium longulum
Astenus,Lathrobium,../../../images/cutout_species/Lathrobium longulum/Lathrobium longulum_95.jpg,False,Lathrobium longulum
Astenus,Lathrobium,../../../images/cutout_species/Lathrobium longulum/Lathrobium longulum_72.jpg,False,Lathrobium longulum
Lathrobium,Lathrobium,../../../images/cutout_species/Lathrobium longulum/Lathrobium longulum_65.jpg,True,Lathrobium longulum
Neobisnius,Lathrobium,../../../images/cutout_species/Lathrobium longulum/Lathrobium longulum_12.jpg,False,Lathrobium longulum
Lathrobium,Lathrobium,../../../images/cutout_species/Lathrobium longulum/Lathrobium longulum_176.jpg,True,Lathrobium longulum
Astenus,Lathrobium,../../../images/cutout_species/Lathrobium longulum/Lathrobium longulum_160.jpg,False,Lathrobium longulum
Lobrathium,Lathrobium,../../../images/cutout_species/Lathrobium longulum/Lathrobium longulum_36.jpg,False,Lathrobium longulum
Neobisnius,Lathrobium,../../../images/cutout_species/Lathrobium longulum/Lathrobium longulum_28.jpg,False,Lathrobium longulum
Astenus,Lathrobium,../../../images/cutout_species/Lathrobium longulum/Lathrobium longulum_53.jpg,False,Lathrobium longulum
Lathrobium,Lathrobium,../../../images/cutout_species/Lathrobium longulum/Lathrobium longulum_184.jpg,True,Lathrobium longulum
Lathrobium,Lathrobium,../../../images/cutout_species/Lathrobium longulum/Lathrobium longulum_99.jpg,True,Lathrobium longulum
Lathrobium,Lathrobium,../../../images/cutout_species/Lathrobium longulum/Lathrobium longulum_60.jpg,True,Lathrobium longulum
Lathrobium,Lathrobium,../../../images/cutout_species/Lathrobium longulum/Lathrobium longulum_61.jpg,True,Lathrobium longulum
Lathrobium,Lathrobium,../../../images/cutout_species/Lathrobium longulum/Lathrobium longulum_161.jpg,True,Lathrobium longulum
Lathrobium,Lathrobium,../../../images/cutout_species/Lathrobium longulum/Lathrobium longulum_15.jpg,True,Lathrobium longulum
Lathrobium,Lathrobium,../../../images/cutout_species/Lathrobium longulum/Lathrobium longulum_167.jpg,True,Lathrobium longulum
Lathrobium,Lathrobium,../../../images/cutout_species/Lathrobium longulum/Lathrobium longulum_41.jpg,True,Lathrobium longulum
Lathrobium,Lathrobium,../../../images/cutout_species/Lathrobium longulum/Lathrobium longulum_4.jpg,True,Lathrobium longulum
Lathrobium,Lathrobium,../../../images/cutout_species/Lathrobium longulum/Lathrobium longulum_84.jpg,True,Lathrobium longulum
Lathrobium,Lathrobium,../../../images/cutout_species/Lathrobium longulum/Lathrobium longulum_155.jpg,True,Lathrobium longulum
Lathrobium,Lathrobium,../../../images/cutout_species/Lathrobium longulum/Lathrobium longulum_79.jpg,True,Lathrobium longulum
Lathrobium,Lathrobium,../../../images/cutout_species/Lathrobium longulum/Lathrobium longulum_185.jpg,True,Lathrobium longulum
Lathrobium,Lathrobium,../../../images/cutout_species/Lathrobium longulum/Lathrobium longulum_80.jpg,True,Lathrobium longulum
Lathrobium,Lathrobium,../../../images/cutout_species/Lathrobium longulum/Lathrobium longulum_148.jpg,True,Lathrobium longulum
Lathrobium,Lathrobium,../../../images/cutout_species/Lathrobium longulum/Lathrobium longulum_162.jpg,True,Lathrobium longulum
Neobisnius,Lathrobium,../../../images/cutout_species/Lathrobium longulum/Lathrobium longulum_149.jpg,False,Lathrobium longulum
Neobisnius,Lathrobium,../../../images/cutout_species/Lathrobium longulum/Lathrobium longulum_163.jpg,False,Lathrobium longulum
Lathrobium,Lathrobium,../../../images/cutout_species/Lathrobium longulum/Lathrobium longulum_74.jpg,True,Lathrobium longulum
Lathrobium,Lathrobium,../../../images/cutout_species/Lathrobium longulum/Lathrobium longulum_45.jpg,True,Lathrobium longulum
Lathrobium,Lathrobium,../../../images/cutout_species/Lathrobium longulum/Lathrobium longulum_71.jpg,True,Lathrobium longulum
Lathrobium,Lathrobium,../../../images/cutout_species/Lathrobium longulum/Lathrobium longulum_104.jpg,True,Lathrobium longulum
Lathrobium,Lathrobium,../../../images/cutout_species/Lathrobium longulum/Lathrobium longulum_169.jpg,True,Lathrobium longulum
Lathrobium,Lathrobium,../../../images/cutout_species/Lathrobium longulum/Lathrobium longulum_33.jpg,True,Lathrobium longulum
Lathrobium,Lathrobium,../../../images/cutout_species/Lathrobium longulum/Lathrobium longulum_108.jpg,True,Lathrobium longulum
Lathrobium,Lathrobium,../../../images/cutout_species/Lathrobium longulum/Lathrobium longulum_97.jpg,True,Lathrobium longulum
Lathrobium,Lathrobium,../../../images/cutout_species/Lathrobium longulum/Lathrobium longulum_124.jpg,True,Lathrobium longulum
Lathrobium,Lathrobium,../../../images/cutout_species/Lathrobium longulum/Lathrobium longulum_154.jpg,True,Lathrobium longulum
Neobisnius,Lathrobium,../../../images/cutout_species/Lathrobium longulum/Lathrobium longulum_3.jpg,False,Lathrobium longulum
Lathrobium,Lathrobium,../../../images/cutout_species/Lathrobium longulum/Lathrobium longulum_98.jpg,True,Lathrobium longulum
Lathrobium,Lathrobium,../../../images/cutout_species/Lathrobium longulum/Lathrobium longulum_125.jpg,True,Lathrobium longulum
Astenus,Lathrobium,../../../images/cutout_species/Lathrobium longulum/Lathrobium longulum_153.jpg,False,Lathrobium longulum
Lathrobium,Lathrobium,../../../images/cutout_species/Lathrobium longulum/Lathrobium longulum_158.jpg,True,Lathrobium longulum
Lathrobium,Lathrobium,../../../images/cutout_species/Lathrobium longulum/Lathrobium longulum_22.jpg,True,Lathrobium longulum
Lathrobium,Lathrobium,../../../images/cutout_species/Lathrobium longulum/Lathrobium longulum_38.jpg,True,Lathrobium longulum
Lathrobium,Lathrobium,../../../images/cutout_species/Lathrobium longulum/Lathrobium longulum_109.jpg,True,Lathrobium longulum
Lathrobium,Lathrobium,../../../images/cutout_species/Lathrobium longulum/Lathrobium longulum_122.jpg,True,Lathrobium longulum
Astenus,Lathrobium,../../../images/cutout_species/Lathrobium longulum/Lathrobium longulum_89.jpg,False,Lathrobium longulum
Lathrobium,Lathrobium,../../../images/cutout_species/Lathrobium longulum/Lathrobium longulum_177.jpg,True,Lathrobium longulum
Lathrobium,Lathrobium,../../../images/cutout_species/Lathrobium longulum/Lathrobium longulum_103.jpg,True,Lathrobium longulum
Lathrobium,Lathrobium,../../../images/cutout_species/Lathrobium longulum/Lathrobium longulum_62.jpg,True,Lathrobium longulum
Neobisnius,Lathrobium,../../../images/cutout_species/Lathrobium longulum/Lathrobium longulum_1.jpg,False,Lathrobium longulum
Lathrobium,Lathrobium,../../../images/cutout_species/Lathrobium longulum/Lathrobium longulum_143.jpg,True,Lathrobium longulum
Lathrobium,Lathrobium,../../../images/cutout_species/Lathrobium longulum/Lathrobium longulum_37.jpg,True,Lathrobium longulum
Lathrobium,Lathrobium,../../../images/cutout_species/Lathrobium longulum/Lathrobium longulum_136.jpg,True,Lathrobium longulum
Neobisnius,Lathrobium,../../../images/cutout_species/Lathrobium longulum/Lathrobium longulum_166.jpg,False,Lathrobium longulum
Lathrobium,Lathrobium,../../../images/cutout_species/Lathrobium longulum/Lathrobium longulum_92.jpg,True,Lathrobium longulum
Astenus,Lathrobium,../../../images/cutout_species/Lathrobium longulum/Lathrobium longulum_58.jpg,False,Lathrobium longulum
Lathrobium,Lathrobium,../../../images/cutout_species/Lathrobium pallidipenne/Lathrobium pallidipenne_2.jpg,True,Lathrobium pallidipenne
Lathrobium,Lathrobium,../../../images/cutout_species/Lathrobium pallidipenne/Lathrobium pallidipenne_0.jpg,True,Lathrobium pallidipenne
Lathrobium,Lathrobium,../../../images/cutout_species/Lathrobium pallidipenne/Lathrobium pallidipenne_1.jpg,True,Lathrobium pallidipenne
Neobisnius,Neobisnius,../../../images/cutout_species/Neobisnius procerulus/Neobisnius procerulus_0.jpg,True,Neobisnius procerulus
Neobisnius,Neobisnius,../../../images/cutout_species/Neobisnius procerulus/Neobisnius procerulus_1.jpg,True,Neobisnius procerulus
Bisnius,Neobisnius,../../../images/cutout_species/Neobisnius procerulus/Neobisnius procerulus_3.jpg,False,Neobisnius procerulus
Neobisnius,Neobisnius,../../../images/cutout_species/Neobisnius procerulus/Neobisnius procerulus_4.jpg,True,Neobisnius procerulus
Bisnius,Neobisnius,../../../images/cutout_species/Neobisnius procerulus/Neobisnius procerulus_5.jpg,False,Neobisnius procerulus
Neobisnius,Neobisnius,../../../images/cutout_species/Neobisnius procerulus/Neobisnius procerulus_2.jpg,True,Neobisnius procerulus
Philonthus,Philonthus,../../../images/cutout_species/Philonthus pseudovarians/Philonthus pseudovarians_0.jpg,True,Philonthus pseudovarians
Philonthus,Philonthus,../../../images/cutout_species/Philonthus pseudovarians/Philonthus pseudovarians_1.jpg,True,Philonthus pseudovarians
Philonthus,Philonthus,../../../images/cutout_species/Philonthus spinipes/Philonthus spinipes_3.jpg,True,Philonthus spinipes
Philonthus,Philonthus,../../../images/cutout_species/Philonthus spinipes/Philonthus spinipes_4.jpg,True,Philonthus spinipes
Philonthus,Philonthus,../../../images/cutout_species/Philonthus spinipes/Philonthus spinipes_1.jpg,True,Philonthus spinipes
Philonthus,Philonthus,../../../images/cutout_species/Philonthus spinipes/Philonthus spinipes_2.jpg,True,Philonthus spinipes
Philonthus,Philonthus,../../../images/cutout_species/Philonthus spinipes/Philonthus spinipes_0.jpg,True,Philonthus spinipes
Philonthus,Philonthus,../../../images/cutout_species/Philonthus spinipes/Philonthus spinipes_5.jpg,True,Philonthus spinipes
Philonthus,Philonthus,../../../images/cutout_species/Philonthus umbratilis/Philonthus umbratilis_6.jpg,True,Philonthus umbratilis
Philonthus,Philonthus,../../../images/cutout_species/Philonthus umbratilis/Philonthus umbratilis_28.jpg,True,Philonthus umbratilis
Philonthus,Philonthus,../../../images/cutout_species/Philonthus umbratilis/Philonthus umbratilis_176.jpg,True,Philonthus umbratilis
Philonthus,Philonthus,../../../images/cutout_species/Philonthus umbratilis/Philonthus umbratilis_101.jpg,True,Philonthus umbratilis
Philonthus,Philonthus,../../../images/cutout_species/Philonthus umbratilis/Philonthus umbratilis_147.jpg,True,Philonthus umbratilis
Philonthus,Philonthus,../../../images/cutout_species/Philonthus umbratilis/Philonthus umbratilis_144.jpg,True,Philonthus umbratilis
Bisnius,Philonthus,../../../images/cutout_species/Philonthus umbratilis/Philonthus umbratilis_183.jpg,False,Philonthus umbratilis
Philonthus,Philonthus,../../../images/cutout_species/Philonthus umbratilis/Philonthus umbratilis_4.jpg,True,Philonthus umbratilis
Bisnius,Philonthus,../../../images/cutout_species/Philonthus umbratilis/Philonthus umbratilis_112.jpg,False,Philonthus umbratilis
Bisnius,Philonthus,../../../images/cutout_species/Philonthus umbratilis/Philonthus umbratilis_89.jpg,False,Philonthus umbratilis
Philonthus,Philonthus,../../../images/cutout_species/Philonthus umbratilis/Philonthus umbratilis_32.jpg,True,Philonthus umbratilis
Philonthus,Philonthus,../../../images/cutout_species/Philonthus umbratilis/Philonthus umbratilis_9.jpg,True,Philonthus umbratilis
Philonthus,Philonthus,../../../images/cutout_species/Philonthus umbratilis/Philonthus umbratilis_131.jpg,True,Philonthus umbratilis
Philonthus,Philonthus,../../../images/cutout_species/Philonthus umbratilis/Philonthus umbratilis_103.jpg,True,Philonthus umbratilis
Philonthus,Philonthus,../../../images/cutout_species/Philonthus umbratilis/Philonthus umbratilis_142.jpg,True,Philonthus umbratilis
Philonthus,Philonthus,../../../images/cutout_species/Philonthus umbratilis/Philonthus umbratilis_180.jpg,True,Philonthus umbratilis
Philonthus,Philonthus,../../../images/cutout_species/Philonthus umbratilis/Philonthus umbratilis_137.jpg,True,Philonthus umbratilis
Bisnius,Philonthus,../../../images/cutout_species/Philonthus umbratilis/Philonthus umbratilis_121.jpg,False,Philonthus umbratilis
Philonthus,Philonthus,../../../images/cutout_species/Philonthus umbratilis/Philonthus umbratilis_99.jpg,True,Philonthus umbratilis
Philonthus,Philonthus,../../../images/cutout_species/Philonthus umbratilis/Philonthus umbratilis_158.jpg,True,Philonthus umbratilis
Philonthus,Philonthus,../../../images/cutout_species/Philonthus umbratilis/Philonthus umbratilis_149.jpg,True,Philonthus umbratilis
Philonthus,Philonthus,../../../images/cutout_species/Philonthus umbratilis/Philonthus umbratilis_67.jpg,True,Philonthus umbratilis
Philonthus,Philonthus,../../../images/cutout_species/Philonthus umbratilis/Philonthus umbratilis_164.jpg,True,Philonthus umbratilis
Philonthus,Philonthus,../../../images/cutout_species/Philonthus umbratilis/Philonthus umbratilis_37.jpg,True,Philonthus umbratilis
Philonthus,Philonthus,../../../images/cutout_species/Philonthus umbratilis/Philonthus umbratilis_169.jpg,True,Philonthus umbratilis
Philonthus,Philonthus,../../../images/cutout_species/Philonthus umbratilis/Philonthus umbratilis_39.jpg,True,Philonthus umbratilis
Bisnius,Philonthus,../../../images/cutout_species/Philonthus umbratilis/Philonthus umbratilis_109.jpg,False,Philonthus umbratilis
Bisnius,Philonthus,../../../images/cutout_species/Philonthus umbratilis/Philonthus umbratilis_54.jpg,False,Philonthus umbratilis
Bisnius,Philonthus,../../../images/cutout_species/Philonthus umbratilis/Philonthus umbratilis_47.jpg,False,Philonthus umbratilis
Philonthus,Philonthus,../../../images/cutout_species/Philonthus umbratilis/Philonthus umbratilis_148.jpg,True,Philonthus umbratilis
Philonthus,Philonthus,../../../images/cutout_species/Philonthus umbratilis/Philonthus umbratilis_102.jpg,True,Philonthus umbratilis
Philonthus,Philonthus,../../../images/cutout_species/Philonthus umbratilis/Philonthus umbratilis_182.jpg,True,Philonthus umbratilis
Philonthus,Philonthus,../../../images/cutout_species/Philonthus umbratilis/Philonthus umbratilis_30.jpg,True,Philonthus umbratilis
Bisnius,Philonthus,../../../images/cutout_species/Philonthus umbratilis/Philonthus umbratilis_90.jpg,False,Philonthus umbratilis
Bisnius,Philonthus,../../../images/cutout_species/Philonthus umbratilis/Philonthus umbratilis_42.jpg,False,Philonthus umbratilis
Philonthus,Philonthus,../../../images/cutout_species/Philonthus umbratilis/Philonthus umbratilis_18.jpg,True,Philonthus umbratilis
Philonthus,Philonthus,../../../images/cutout_species/Philonthus umbratilis/Philonthus umbratilis_111.jpg,True,Philonthus umbratilis
Philonthus,Philonthus,../../../images/cutout_species/Philonthus umbratilis/Philonthus umbratilis_134.jpg,True,Philonthus umbratilis
Philonthus,Philonthus,../../../images/cutout_species/Philonthus umbratilis/Philonthus umbratilis_88.jpg,True,Philonthus umbratilis
Philonthus,Philonthus,../../../images/cutout_species/Philonthus umbratilis/Philonthus umbratilis_62.jpg,True,Philonthus umbratilis
Philonthus,Philonthus,../../../images/cutout_species/Philonthus umbratilis/Philonthus umbratilis_92.jpg,True,Philonthus umbratilis
Bisnius,Philonthus,../../../images/cutout_species/Philonthus umbratilis/Philonthus umbratilis_60.jpg,False,Philonthus umbratilis
Philonthus,Philonthus,../../../images/cutout_species/Philonthus umbratilis/Philonthus umbratilis_51.jpg,True,Philonthus umbratilis
Philonthus,Philonthus,../../../images/cutout_species/Philonthus umbratilis/Philonthus umbratilis_120.jpg,True,Philonthus umbratilis
Philonthus,Philonthus,../../../images/cutout_species/Philonthus umbratilis/Philonthus umbratilis_48.jpg,True,Philonthus umbratilis
Philonthus,Philonthus,../../../images/cutout_species/Philonthus umbratilis/Philonthus umbratilis_80.jpg,True,Philonthus umbratilis
Philonthus,Philonthus,../../../images/cutout_species/Philonthus umbratilis/Philonthus umbratilis_17.jpg,True,Philonthus umbratilis
Philonthus,Philonthus,../../../images/cutout_species/Philonthus umbratilis/Philonthus umbratilis_33.jpg,True,Philonthus umbratilis
Bisnius,Philonthus,../../../images/cutout_species/Philonthus umbratilis/Philonthus umbratilis_138.jpg,False,Philonthus umbratilis
Philonthus,Philonthus,../../../images/cutout_species/Philonthus umbratilis/Philonthus umbratilis_106.jpg,True,Philonthus umbratilis
Philonthus,Philonthus,../../../images/cutout_species/Philonthus umbratilis/Philonthus umbratilis_73.jpg,True,Philonthus umbratilis
Bisnius,Philonthus,../../../images/cutout_species/Philonthus umbratilis/Philonthus umbratilis_22.jpg,False,Philonthus umbratilis
Bisnius,Philonthus,../../../images/cutout_species/Philonthus umbratilis/Philonthus umbratilis_81.jpg,False,Philonthus umbratilis
Philonthus,Philonthus,../../../images/cutout_species/Philonthus umbratilis/Philonthus umbratilis_31.jpg,True,Philonthus umbratilis
Achenium,Philonthus,../../../images/cutout_species/Philonthus umbratilis/Philonthus umbratilis_140.jpg,False,Philonthus umbratilis
Philonthus,Philonthus,../../../images/cutout_species/Philonthus umbratilis/Philonthus umbratilis_96.jpg,True,Philonthus umbratilis
Philonthus,Philonthus,../../../images/cutout_species/Philonthus umbratilis/Philonthus umbratilis_7.jpg,True,Philonthus umbratilis
Philonthus,Philonthus,../../../images/cutout_species/Philonthus umbratilis/Philonthus umbratilis_0.jpg,True,Philonthus umbratilis
Philonthus,Philonthus,../../../images/cutout_species/Philonthus umbratilis/Philonthus umbratilis_71.jpg,True,Philonthus umbratilis
Philonthus,Philonthus,../../../images/cutout_species/Philonthus umbratilis/Philonthus umbratilis_20.jpg,True,Philonthus umbratilis
Philonthus,Philonthus,../../../images/cutout_species/Philonthus umbratilis/Philonthus umbratilis_132.jpg,True,Philonthus umbratilis
Philonthus,Philonthus,../../../images/cutout_species/Philonthus umbratilis/Philonthus umbratilis_174.jpg,True,Philonthus umbratilis
Philonthus,Philonthus,../../../images/cutout_species/Philonthus umbratilis/Philonthus umbratilis_66.jpg,True,Philonthus umbratilis
Philonthus,Philonthus,../../../images/cutout_species/Philonthus umbratilis/Philonthus umbratilis_78.jpg,True,Philonthus umbratilis
Bisnius,Philonthus,../../../images/cutout_species/Philonthus umbratilis/Philonthus umbratilis_23.jpg,False,Philonthus umbratilis
Philonthus,Philonthus,../../../images/cutout_species/Philonthus umbratilis/Philonthus umbratilis_160.jpg,True,Philonthus umbratilis
Philonthus,Philonthus,../../../images/cutout_species/Philonthus umbratilis/Philonthus umbratilis_36.jpg,True,Philonthus umbratilis
Philonthus,Philonthus,../../../images/cutout_species/Philonthus umbratilis/Philonthus umbratilis_59.jpg,True,Philonthus umbratilis
Bisnius,Philonthus,../../../images/cutout_species/Philonthus umbratilis/Philonthus umbratilis_177.jpg,False,Philonthus umbratilis
Philonthus,Philonthus,../../../images/cutout_species/Philonthus umbratilis/Philonthus umbratilis_105.jpg,True,Philonthus umbratilis
Philonthus,Philonthus,../../../images/cutout_species/Philonthus umbratilis/Philonthus umbratilis_135.jpg,True,Philonthus umbratilis
Philonthus,Philonthus,../../../images/cutout_species/Philonthus umbratilis/Philonthus umbratilis_151.jpg,True,Philonthus umbratilis
Philonthus,Philonthus,../../../images/cutout_species/Philonthus umbratilis/Philonthus umbratilis_16.jpg,True,Philonthus umbratilis
Philonthus,Philonthus,../../../images/cutout_species/Philonthus umbratilis/Philonthus umbratilis_27.jpg,True,Philonthus umbratilis
Bisnius,Philonthus,../../../images/cutout_species/Philonthus umbratilis/Philonthus umbratilis_65.jpg,False,Philonthus umbratilis
Bisnius,Philonthus,../../../images/cutout_species/Philonthus umbratilis/Philonthus umbratilis_64.jpg,False,Philonthus umbratilis
Philonthus,Philonthus,../../../images/cutout_species/Philonthus umbratilis/Philonthus umbratilis_70.jpg,True,Philonthus umbratilis
Philonthus,Philonthus,../../../images/cutout_species/Philonthus umbratilis/Philonthus umbratilis_165.jpg,True,Philonthus umbratilis
Philonthus,Philonthus,../../../images/cutout_species/Philonthus umbratilis/Philonthus umbratilis_104.jpg,True,Philonthus umbratilis
Bisnius,Philonthus,../../../images/cutout_species/Philonthus umbratilis/Philonthus umbratilis_45.jpg,False,Philonthus umbratilis
Philonthus,Philonthus,../../../images/cutout_species/Philonthus umbratilis/Philonthus umbratilis_41.jpg,True,Philonthus umbratilis
Bisnius,Philonthus,../../../images/cutout_species/Philonthus umbratilis/Philonthus umbratilis_79.jpg,False,Philonthus umbratilis
Philonthus,Philonthus,../../../images/cutout_species/Philonthus umbratilis/Philonthus umbratilis_146.jpg,True,Philonthus umbratilis
Bisnius,Philonthus,../../../images/cutout_species/Philonthus umbratilis/Philonthus umbratilis_162.jpg,False,Philonthus umbratilis
Philonthus,Philonthus,../../../images/cutout_species/Philonthus umbratilis/Philonthus umbratilis_83.jpg,True,Philonthus umbratilis
Philonthus,Philonthus,../../../images/cutout_species/Philonthus umbratilis/Philonthus umbratilis_157.jpg,True,Philonthus umbratilis
Bisnius,Philonthus,../../../images/cutout_species/Philonthus umbratilis/Philonthus umbratilis_34.jpg,False,Philonthus umbratilis
Philonthus,Philonthus,../../../images/cutout_species/Philonthus umbratilis/Philonthus umbratilis_98.jpg,True,Philonthus umbratilis
Philonthus,Philonthus,../../../images/cutout_species/Philonthus umbratilis/Philonthus umbratilis_161.jpg,True,Philonthus umbratilis
Philonthus,Philonthus,../../../images/cutout_species/Philonthus umbratilis/Philonthus umbratilis_46.jpg,True,Philonthus umbratilis
Philonthus,Philonthus,../../../images/cutout_species/Philonthus umbratilis/Philonthus umbratilis_11.jpg,True,Philonthus umbratilis
Philonthus,Philonthus,../../../images/cutout_species/Philonthus umbratilis/Philonthus umbratilis_115.jpg,True,Philonthus umbratilis
Philonthus,Philonthus,../../../images/cutout_species/Philonthus umbratilis/Philonthus umbratilis_114.jpg,True,Philonthus umbratilis
Bisnius,Philonthus,../../../images/cutout_species/Philonthus umbratilis/Philonthus umbratilis_35.jpg,False,Philonthus umbratilis
Philonthus,Philonthus,../../../images/cutout_species/Philonthus umbratilis/Philonthus umbratilis_127.jpg,True,Philonthus umbratilis
Philonthus,Philonthus,../../../images/cutout_species/Philonthus umbratilis/Philonthus umbratilis_58.jpg,True,Philonthus umbratilis
Philonthus,Philonthus,../../../images/cutout_species/Philonthus umbratilis/Philonthus umbratilis_110.jpg,True,Philonthus umbratilis
Philonthus,Philonthus,../../../images/cutout_species/Philonthus umbratilis/Philonthus umbratilis_24.jpg,True,Philonthus umbratilis
Philonthus,Philonthus,../../../images/cutout_species/Philonthus umbratilis/Philonthus umbratilis_128.jpg,True,Philonthus umbratilis
Bisnius,Philonthus,../../../images/cutout_species/Philonthus umbratilis/Philonthus umbratilis_87.jpg,False,Philonthus umbratilis
Philonthus,Philonthus,../../../images/cutout_species/Philonthus umbratilis/Philonthus umbratilis_52.jpg,True,Philonthus umbratilis
Philonthus,Philonthus,../../../images/cutout_species/Philonthus umbratilis/Philonthus umbratilis_8.jpg,True,Philonthus umbratilis
Philonthus,Philonthus,../../../images/cutout_species/Philonthus umbratilis/Philonthus umbratilis_25.jpg,True,Philonthus umbratilis
Philonthus,Philonthus,../../../images/cutout_species/Philonthus umbratilis/Philonthus umbratilis_12.jpg,True,Philonthus umbratilis
Bisnius,Philonthus,../../../images/cutout_species/Philonthus umbratilis/Philonthus umbratilis_44.jpg,False,Philonthus umbratilis
Philonthus,Philonthus,../../../images/cutout_species/Philonthus umbratilis/Philonthus umbratilis_56.jpg,True,Philonthus umbratilis
Philonthus,Philonthus,../../../images/cutout_species/Philonthus umbratilis/Philonthus umbratilis_136.jpg,True,Philonthus umbratilis
Philonthus,Philonthus,../../../images/cutout_species/Philonthus umbratilis/Philonthus umbratilis_163.jpg,True,Philonthus umbratilis
Bisnius,Philonthus,../../../images/cutout_species/Philonthus umbratilis/Philonthus umbratilis_75.jpg,False,Philonthus umbratilis
Bisnius,Philonthus,../../../images/cutout_species/Philonthus umbratilis/Philonthus umbratilis_2.jpg,False,Philonthus umbratilis
Philonthus,Philonthus,../../../images/cutout_species/Philonthus umbratilis/Philonthus umbratilis_82.jpg,True,Philonthus umbratilis
Philonthus,Philonthus,../../../images/cutout_species/Philonthus umbratilis/Philonthus umbratilis_133.jpg,True,Philonthus umbratilis
Philonthus,Philonthus,../../../images/cutout_species/Philonthus umbratilis/Philonthus umbratilis_179.jpg,True,Philonthus umbratilis
Bisnius,Philonthus,../../../images/cutout_species/Philonthus umbratilis/Philonthus umbratilis_122.jpg,False,Philonthus umbratilis
Philonthus,Philonthus,../../../images/cutout_species/Philonthus umbratilis/Philonthus umbratilis_49.jpg,True,Philonthus umbratilis
Philonthus,Philonthus,../../../images/cutout_species/Philonthus umbratilis/Philonthus umbratilis_77.jpg,True,Philonthus umbratilis
Philonthus,Philonthus,../../../images/cutout_species/Philonthus umbratilis/Philonthus umbratilis_154.jpg,True,Philonthus umbratilis
Philonthus,Philonthus,../../../images/cutout_species/Philonthus umbratilis/Philonthus umbratilis_178.jpg,True,Philonthus umbratilis
Bisnius,Philonthus,../../../images/cutout_species/Philonthus umbratilis/Philonthus umbratilis_43.jpg,False,Philonthus umbratilis
Philonthus,Philonthus,../../../images/cutout_species/Philonthus umbratilis/Philonthus umbratilis_123.jpg,True,Philonthus umbratilis
Bisnius,Philonthus,../../../images/cutout_species/Philonthus umbratilis/Philonthus umbratilis_152.jpg,False,Philonthus umbratilis
Philonthus,Philonthus,../../../images/cutout_species/Philonthus umbratilis/Philonthus umbratilis_57.jpg,True,Philonthus umbratilis
Bisnius,Philonthus,../../../images/cutout_species/Philonthus umbratilis/Philonthus umbratilis_153.jpg,False,Philonthus umbratilis
Philonthus,Philonthus,../../../images/cutout_species/Philonthus umbratilis/Philonthus umbratilis_38.jpg,True,Philonthus umbratilis
Philonthus,Philonthus,../../../images/cutout_species/Philonthus umbratilis/Philonthus umbratilis_117.jpg,True,Philonthus umbratilis
Bisnius,Philonthus,../../../images/cutout_species/Philonthus umbratilis/Philonthus umbratilis_21.jpg,False,Philonthus umbratilis
Philonthus,Philonthus,../../../images/cutout_species/Philonthus umbratilis/Philonthus umbratilis_166.jpg,True,Philonthus umbratilis
Philonthus,Philonthus,../../../images/cutout_species/Philonthus umbratilis/Philonthus umbratilis_181.jpg,True,Philonthus umbratilis
Philonthus,Philonthus,../../../images/cutout_species/Philonthus umbratilis/Philonthus umbratilis_85.jpg,True,Philonthus umbratilis
Philonthus,Philonthus,../../../images/cutout_species/Philonthus umbratilis/Philonthus umbratilis_53.jpg,True,Philonthus umbratilis
Philonthus,Philonthus,../../../images/cutout_species/Philonthus umbratilis/Philonthus umbratilis_50.jpg,True,Philonthus umbratilis
Philonthus,Philonthus,../../../images/cutout_species/Philonthus umbratilis/Philonthus umbratilis_167.jpg,True,Philonthus umbratilis
Bisnius,Philonthus,../../../images/cutout_species/Philonthus umbratilis/Philonthus umbratilis_76.jpg,False,Philonthus umbratilis
Philonthus,Philonthus,../../../images/cutout_species/Philonthus umbratilis/Philonthus umbratilis_108.jpg,True,Philonthus umbratilis
Philonthus,Philonthus,../../../images/cutout_species/Philonthus umbratilis/Philonthus umbratilis_84.jpg,True,Philonthus umbratilis
Philonthus,Philonthus,../../../images/cutout_species/Philonthus umbratilis/Philonthus umbratilis_130.jpg,True,Philonthus umbratilis
Philonthus,Philonthus,../../../images/cutout_species/Philonthus umbratilis/Philonthus umbratilis_5.jpg,True,Philonthus umbratilis
Bisnius,Philonthus,../../../images/cutout_species/Philonthus umbratilis/Philonthus umbratilis_69.jpg,False,Philonthus umbratilis
Bisnius,Philonthus,../../../images/cutout_species/Philonthus umbratilis/Philonthus umbratilis_68.jpg,False,Philonthus umbratilis
Bisnius,Philonthus,../../../images/cutout_species/Philonthus umbratilis/Philonthus umbratilis_173.jpg,False,Philonthus umbratilis
Philonthus,Philonthus,../../../images/cutout_species/Philonthus umbratilis/Philonthus umbratilis_72.jpg,True,Philonthus umbratilis
Bisnius,Philonthus,../../../images/cutout_species/Philonthus umbratilis/Philonthus umbratilis_94.jpg,False,Philonthus umbratilis
Bisnius,Philonthus,../../../images/cutout_species/Philonthus umbratilis/Philonthus umbratilis_1.jpg,False,Philonthus umbratilis
Philonthus,Philonthus,../../../images/cutout_species/Philonthus umbratilis/Philonthus umbratilis_125.jpg,True,Philonthus umbratilis
Philonthus,Philonthus,../../../images/cutout_species/Philonthus umbratilis/Philonthus umbratilis_91.jpg,True,Philonthus umbratilis
Philonthus,Philonthus,../../../images/cutout_species/Philonthus umbratilis/Philonthus umbratilis_116.jpg,True,Philonthus umbratilis
Bisnius,Philonthus,../../../images/cutout_species/Philonthus umbratilis/Philonthus umbratilis_40.jpg,False,Philonthus umbratilis
Philonthus,Philonthus,../../../images/cutout_species/Philonthus umbratilis/Philonthus umbratilis_95.jpg,True,Philonthus umbratilis
Bisnius,Philonthus,../../../images/cutout_species/Philonthus umbratilis/Philonthus umbratilis_150.jpg,False,Philonthus umbratilis
Philonthus,Philonthus,../../../images/cutout_species/Philonthus umbratilis/Philonthus umbratilis_141.jpg,True,Philonthus umbratilis
Philonthus,Philonthus,../../../images/cutout_species/Philonthus umbratilis/Philonthus umbratilis_86.jpg,True,Philonthus umbratilis
Philonthus,Philonthus,../../../images/cutout_species/Philonthus umbratilis/Philonthus umbratilis_143.jpg,True,Philonthus umbratilis
Philonthus,Philonthus,../../../images/cutout_species/Philonthus umbratilis/Philonthus umbratilis_118.jpg,True,Philonthus umbratilis
Bisnius,Philonthus,../../../images/cutout_species/Philonthus umbratilis/Philonthus umbratilis_107.jpg,False,Philonthus umbratilis
Philonthus,Philonthus,../../../images/cutout_species/Philonthus umbratilis/Philonthus umbratilis_100.jpg,True,Philonthus umbratilis
Bisnius,Philonthus,../../../images/cutout_species/Philonthus umbratilis/Philonthus umbratilis_155.jpg,False,Philonthus umbratilis
Philonthus,Philonthus,../../../images/cutout_species/Philonthus umbratilis/Philonthus umbratilis_63.jpg,True,Philonthus umbratilis
Bisnius,Philonthus,../../../images/cutout_species/Philonthus umbratilis/Philonthus umbratilis_74.jpg,False,Philonthus umbratilis
Philonthus,Philonthus,../../../images/cutout_species/Philonthus umbratilis/Philonthus umbratilis_124.jpg,True,Philonthus umbratilis
Bisnius,Philonthus,../../../images/cutout_species/Philonthus umbratilis/Philonthus umbratilis_55.jpg,False,Philonthus umbratilis
Bisnius,Philonthus,../../../images/cutout_species/Philonthus umbratilis/Philonthus umbratilis_170.jpg,False,Philonthus umbratilis
Bisnius,Philonthus,../../../images/cutout_species/Philonthus umbratilis/Philonthus umbratilis_97.jpg,False,Philonthus umbratilis
Philonthus,Philonthus,../../../images/cutout_species/Philonthus umbratilis/Philonthus umbratilis_26.jpg,True,Philonthus umbratilis
Bisnius,Philonthus,../../../images/cutout_species/Philonthus umbratilis/Philonthus umbratilis_3.jpg,False,Philonthus umbratilis
Philonthus,Philonthus,../../../images/cutout_species/Philonthus umbratilis/Philonthus umbratilis_139.jpg,True,Philonthus umbratilis
Philonthus,Philonthus,../../../images/cutout_species/Philonthus umbratilis/Philonthus umbratilis_171.jpg,True,Philonthus umbratilis
Achenium,Philonthus,../../../images/cutout_species/Philonthus umbratilis/Philonthus umbratilis_119.jpg,False,Philonthus umbratilis
Philonthus,Philonthus,../../../images/cutout_species/Philonthus umbratilis/Philonthus umbratilis_14.jpg,True,Philonthus umbratilis
Philonthus,Philonthus,../../../images/cutout_species/Philonthus umbratilis/Philonthus umbratilis_15.jpg,True,Philonthus umbratilis
Philonthus,Philonthus,../../../images/cutout_species/Philonthus umbratilis/Philonthus umbratilis_126.jpg,True,Philonthus umbratilis
Philonthus,Philonthus,../../../images/cutout_species/Philonthus umbratilis/Philonthus umbratilis_175.jpg,True,Philonthus umbratilis
Bisnius,Philonthus,../../../images/cutout_species/Philonthus umbratilis/Philonthus umbratilis_113.jpg,False,Philonthus umbratilis
Philonthus,Philonthus,../../../images/cutout_species/Philonthus umbratilis/Philonthus umbratilis_159.jpg,True,Philonthus umbratilis
Bisnius,Philonthus,../../../images/cutout_species/Philonthus umbratilis/Philonthus umbratilis_145.jpg,False,Philonthus umbratilis
Philonthus,Philonthus,../../../images/cutout_species/Philonthus umbratilis/Philonthus umbratilis_19.jpg,True,Philonthus umbratilis
Bisnius,Philonthus,../../../images/cutout_species/Philonthus umbratilis/Philonthus umbratilis_172.jpg,False,Philonthus umbratilis
Bisnius,Philonthus,../../../images/cutout_species/Philonthus umbratilis/Philonthus umbratilis_13.jpg,False,Philonthus umbratilis
Bisnius,Philonthus,../../../images/cutout_species/Philonthus umbratilis/Philonthus umbratilis_129.jpg,False,Philonthus umbratilis
Philonthus,Philonthus,../../../images/cutout_species/Philonthus umbratilis/Philonthus umbratilis_93.jpg,True,Philonthus umbratilis
Philonthus,Philonthus,../../../images/cutout_species/Philonthus umbratilis/Philonthus umbratilis_29.jpg,True,Philonthus umbratilis
Bisnius,Philonthus,../../../images/cutout_species/Philonthus umbratilis/Philonthus umbratilis_156.jpg,False,Philonthus umbratilis
Philonthus,Philonthus,../../../images/cutout_species/Philonthus umbratilis/Philonthus umbratilis_168.jpg,True,Philonthus umbratilis
Philonthus,Philonthus,../../../images/cutout_species/Philonthus umbratilis/Philonthus umbratilis_10.jpg,True,Philonthus umbratilis
Bisnius,Philonthus,../../../images/cutout_species/Philonthus umbratilis/Philonthus umbratilis_61.jpg,False,Philonthus umbratilis
Platydracus,Platydracus,../../../images/cutout_species/Platydracus chalcocephalus/Platydracus chalcocephalus_3.jpg,True,Platydracus chalcocephalus
Staphylinus,Platydracus,../../../images/cutout_species/Platydracus chalcocephalus/Platydracus chalcocephalus_4.jpg,False,Platydracus chalcocephalus
Staphylinus,Platydracus,../../../images/cutout_species/Platydracus chalcocephalus/Platydracus chalcocephalus_6.jpg,False,Platydracus chalcocephalus
Staphylinus,Platydracus,../../../images/cutout_species/Platydracus chalcocephalus/Platydracus chalcocephalus_2.jpg,False,Platydracus chalcocephalus
Staphylinus,Platydracus,../../../images/cutout_species/Platydracus chalcocephalus/Platydracus chalcocephalus_7.jpg,False,Platydracus chalcocephalus
Platydracus,Platydracus,../../../images/cutout_species/Platydracus chalcocephalus/Platydracus chalcocephalus_1.jpg,True,Platydracus chalcocephalus
Staphylinus,Platydracus,../../../images/cutout_species/Platydracus chalcocephalus/Platydracus chalcocephalus_5.jpg,False,Platydracus chalcocephalus
Platydracus,Platydracus,../../../images/cutout_species/Platydracus chalcocephalus/Platydracus chalcocephalus_0.jpg,True,Platydracus chalcocephalus
Staphylinus,Platydracus,../../../images/cutout_species/Platydracus chalcocephalus/Platydracus chalcocephalus_8.jpg,False,Platydracus chalcocephalus
Quedius,Quedius,../../../images/cutout_species/Quedius invreae/Quedius invreae_3.jpg,True,Quedius invreae
Quedius,Quedius,../../../images/cutout_species/Quedius invreae/Quedius invreae_5.jpg,True,Quedius invreae
Quedius,Quedius,../../../images/cutout_species/Quedius invreae/Quedius invreae_6.jpg,True,Quedius invreae
Quedius,Quedius,../../../images/cutout_species/Quedius invreae/Quedius invreae_4.jpg,True,Quedius invreae
Quedius,Quedius,../../../images/cutout_species/Quedius invreae/Quedius invreae_0.jpg,True,Quedius invreae
Quedius,Quedius,../../../images/cutout_species/Quedius invreae/Quedius invreae_7.jpg,True,Quedius invreae
Quedius,Quedius,../../../images/cutout_species/Quedius invreae/Quedius invreae_1.jpg,True,Quedius invreae
Quedius,Quedius,../../../images/cutout_species/Quedius invreae/Quedius invreae_2.jpg,True,Quedius invreae
Quedius,Quedius,../../../images/cutout_species/Quedius invreae/Quedius invreae_8.jpg,True,Quedius invreae
Quedius,Quedius,../../../images/cutout_species/Quedius nemoralis/Quedius nemoralis_3.jpg,True,Quedius nemoralis
Quedius,Quedius,../../../images/cutout_species/Quedius nemoralis/Quedius nemoralis_5.jpg,True,Quedius nemoralis
Quedius,Quedius,../../../images/cutout_species/Quedius nemoralis/Quedius nemoralis_7.jpg,True,Quedius nemoralis
Quedius,Quedius,../../../images/cutout_species/Quedius nemoralis/Quedius nemoralis_1.jpg,True,Quedius nemoralis
Quedius,Quedius,../../../images/cutout_species/Quedius nemoralis/Quedius nemoralis_2.jpg,True,Quedius nemoralis
Quedius,Quedius,../../../images/cutout_species/Quedius nemoralis/Quedius nemoralis_8.jpg,True,Quedius nemoralis
Quedius,Quedius,../../../images/cutout_species/Quedius nemoralis/Quedius nemoralis_4.jpg,True,Quedius nemoralis
Quedius,Quedius,../../../images/cutout_species/Quedius nemoralis/Quedius nemoralis_0.jpg,True,Quedius nemoralis
Quedius,Quedius,../../../images/cutout_species/Quedius nemoralis/Quedius nemoralis_6.jpg,True,Quedius nemoralis
Rugilus,Rugilus,../../../images/cutout_species/Rugilus geniculatus/Rugilus geniculatus_0.jpg,True,Rugilus geniculatus
Rugilus,Rugilus,../../../images/cutout_species/Rugilus similis/Rugilus similis_3.jpg,True,Rugilus similis
Rugilus,Rugilus,../../../images/cutout_species/Rugilus similis/Rugilus similis_6.jpg,True,Rugilus similis
Rugilus,Rugilus,../../../images/cutout_species/Rugilus similis/Rugilus similis_4.jpg,True,Rugilus similis
Rugilus,Rugilus,../../../images/cutout_species/Rugilus similis/Rugilus similis_8.jpg,True,Rugilus similis
Rugilus,Rugilus,../../../images/cutout_species/Rugilus similis/Rugilus similis_7.jpg,True,Rugilus similis
Rugilus,Rugilus,../../../images/cutout_species/Rugilus similis/Rugilus similis_0.jpg,True,Rugilus similis
Rugilus,Rugilus,../../../images/cutout_species/Rugilus similis/Rugilus similis_1.jpg,True,Rugilus similis
Rugilus,Rugilus,../../../images/cutout_species/Rugilus similis/Rugilus similis_5.jpg,True,Rugilus similis
Rugilus,Rugilus,../../../images/cutout_species/Rugilus similis/Rugilus similis_2.jpg,True,Rugilus similis
Astenus,Scopaeus,../../../images/cutout_species/Scopaeus minimus/Scopaeus minimus_5.jpg,False,Scopaeus minimus
Scopaeus,Scopaeus,../../../images/cutout_species/Scopaeus minimus/Scopaeus minimus_7.jpg,True,Scopaeus minimus
Scopaeus,Scopaeus,../../../images/cutout_species/Scopaeus minimus/Scopaeus minimus_0.jpg,True,Scopaeus minimus
Quedius,Scopaeus,../../../images/cutout_species/Scopaeus minimus/Scopaeus minimus_6.jpg,False,Scopaeus minimus
Medon,Scopaeus,../../../images/cutout_species/Scopaeus minimus/Scopaeus minimus_3.jpg,False,Scopaeus minimus
Lathrobium,Scopaeus,../../../images/cutout_species/Scopaeus minimus/Scopaeus minimus_4.jpg,False,Scopaeus minimus
Astenus,Scopaeus,../../../images/cutout_species/Scopaeus minimus/Scopaeus minimus_1.jpg,False,Scopaeus minimus
Neobisnius,Scopaeus,../../../images/cutout_species/Scopaeus minimus/Scopaeus minimus_2.jpg,False,Scopaeus minimus
Platydracus,Tasgius,../../../images/cutout_species/Tasgius pedator/Tasgius pedator_7.jpg,False,Tasgius pedator
Platydracus,Tasgius,../../../images/cutout_species/Tasgius pedator/Tasgius pedator_0.jpg,False,Tasgius pedator
Tasgius,Tasgius,../../../images/cutout_species/Tasgius pedator/Tasgius pedator_1.jpg,True,Tasgius pedator
Tasgius,Tasgius,../../../images/cutout_species/Tasgius pedator/Tasgius pedator_3.jpg,True,Tasgius pedator
Ocypus,Tasgius,../../../images/cutout_species/Tasgius pedator/Tasgius pedator_6.jpg,False,Tasgius pedator
Tasgius,Tasgius,../../../images/cutout_species/Tasgius pedator/Tasgius pedator_5.jpg,True,Tasgius pedator
Tasgius,Tasgius,../../../images/cutout_species/Tasgius pedator/Tasgius pedator_4.jpg,True,Tasgius pedator
Tasgius,Tasgius,../../../images/cutout_species/Tasgius pedator/Tasgius pedator_2.jpg,True,Tasgius pedator
Tasgius,Tasgius,../../../images/cutout_species/Tasgius winkleri/Tasgius winkleri_0.jpg,True,Tasgius winkleri
Tasgius,Tasgius,../../../images/cutout_species/Tasgius winkleri/Tasgius winkleri_7.jpg,True,Tasgius winkleri
Tasgius,Tasgius,../../../images/cutout_species/Tasgius winkleri/Tasgius winkleri_4.jpg,True,Tasgius winkleri
Tasgius,Tasgius,../../../images/cutout_species/Tasgius winkleri/Tasgius winkleri_1.jpg,True,Tasgius winkleri
Tasgius,Tasgius,../../../images/cutout_species/Tasgius winkleri/Tasgius winkleri_5.jpg,True,Tasgius winkleri
Tasgius,Tasgius,../../../images/cutout_species/Tasgius winkleri/Tasgius winkleri_6.jpg,True,Tasgius winkleri
Tasgius,Tasgius,../../../images/cutout_species/Tasgius winkleri/Tasgius winkleri_3.jpg,True,Tasgius winkleri
Tasgius,Tasgius,../../../images/cutout_species/Tasgius winkleri/Tasgius winkleri_2.jpg,True,Tasgius winkleri
Tasgius,Tasgius,../../../images/cutout_species/Tasgius winkleri/Tasgius winkleri_8.jpg,True,Tasgius winkleri
Tetartopeus,Tetartopeus,../../../images/cutout_species/Tetartopeus rufonitidus/Tetartopeus rufonitidus_3.jpg,True,Tetartopeus rufonitidus
Tetartopeus,Tetartopeus,../../../images/cutout_species/Tetartopeus rufonitidus/Tetartopeus rufonitidus_2.jpg,True,Tetartopeus rufonitidus
Tetartopeus,Tetartopeus,../../../images/cutout_species/Tetartopeus rufonitidus/Tetartopeus rufonitidus_5.jpg,True,Tetartopeus rufonitidus
Tetartopeus,Tetartopeus,../../../images/cutout_species/Tetartopeus rufonitidus/Tetartopeus rufonitidus_6.jpg,True,Tetartopeus rufonitidus
Tetartopeus,Tetartopeus,../../../images/cutout_species/Tetartopeus rufonitidus/Tetartopeus rufonitidus_7.jpg,True,Tetartopeus rufonitidus
Tetartopeus,Tetartopeus,../../../images/cutout_species/Tetartopeus rufonitidus/Tetartopeus rufonitidus_0.jpg,True,Tetartopeus rufonitidus
Tetartopeus,Tetartopeus,../../../images/cutout_species/Tetartopeus rufonitidus/Tetartopeus rufonitidus_4.jpg,True,Tetartopeus rufonitidus
Tetartopeus,Tetartopeus,../../../images/cutout_species/Tetartopeus rufonitidus/Tetartopeus rufonitidus_1.jpg,True,Tetartopeus rufonitidus
